id	eventId	personId	type	category	priority	wikiSlug	titleGurmukhi	titleRoman	titleHindi	ctxGurmukhi	ctxRoman	ctxHindi
1	NEW_YEAR_NANAKSHAHI		7	7	0	Nanakshahi_calendar	ਨਵੇਂ ਸਾਲ ਦਾ ਆਗਾਜ਼ (ਨਾਨਕਸ਼ਾਹੀ)	Nanakshahi New Year (Pehla Chet)	नानकशाही नव वर्ष (पहला चेत)	ਨਾਨਕਸ਼ਾਹੀ ਨਵੇਂ ਸਾਲ ਦਾ ਆਗਾਜ਼ (ਪਹਿਲਾ ਚੇਤ) ਸਿੱਖ ਕੈਲੰਡਰ ਦੇ ਨਵੇਂ ਵਰ੍ਹੇ ਦੀ ਸ਼ੁਰੂਆਤ ਦਾ ਪ੍ਰਤੀਕ ਹੈ। ਇਹ ਸੰਮਤ ਸਿੱਖ ਧਰਮ ਦੇ ਬਾਨੀ ਸ੍ਰੀ ਗੁਰੂ ਨਾਨਕ ਦੇਵ ਜੀ ਦੇ ਪ੍ਰਕਾਸ਼ ਵਰ੍ਹੇ (1469 ਈ.) ਤੋਂ ਆਰੰਭ ਹੁੰਦਾ ਹੈ। 1 ਚੇਤ (14 ਮਾਰਚ) ਨੂੰ ਸਮੁੱਚੇ ਵਿਸ਼ਵ ਵਿੱਚ ਸਿੱਖ ਸੰਗਤਾਂ ਗੁਰਦੁਆਰਾ ਸਾਹਿਬਾਨ ਵਿੱਚ ਇਕੱਤਰ ਹੋ ਕੇ ਆਸਾ ਕੀ ਵਾਰ ਦੇ ਕੀਰਤਨ ਸਰਵਣ ਕਰਦੀਆਂ ਹਨ ਅਤੇ ਸ੍ਰੀ ਗੁਰੂ ਗ੍ਰੰਥ ਸਾਹਿਬ ਜੀ ਵਿੱਚ ਦਰਜ ਪਾਵਨ ਬਾਰਹ ਮਾਹਾ ਦਾ ਪਾਠ ਕਰਕੇ ਨਵੇਂ ਵਰ੍ਹੇ ਦੀ ਸੁੱਖ-ਸ਼ਾਂਤੀ ਅਤੇ ਸਰਬੱਤ ਦੇ ਭਲੇ ਲਈ ਅਰਦਾਸ ਕਰਦੀਆਂ ਹਨ।	Nanakshahi New Year (Pehla Chet) marks the beginning of the Sikh calendar year, synchronizing historical Sikh events with the tropical solar calendar. Commencing on Chet 1 (March 14), it commemorates the era founded in honor of Sri Guru Nanak Dev Ji (beginning with his Prakash in 1469 CE). Sikhs worldwide celebrate this day by attending Gurdwaras, singing Asa Ki Vaar Kirtan, and reciting the sacred Barah Maha from Sri Guru Granth Sahib Ji.	नानकशाही नव वर्ष (पहला चेत) सिख कैलेंडर के नए वर्ष के आरंभ का प्रतीक है। यह संवत सिख धर्म के संस्थापक श्री गुरु नानक देव जी के पावन प्रकाश वर्ष (1469 ईस्वी) से प्रारंभ होता है। 1 चेत (14 मार्च) को दुनिया भर में सिख संगत गुरुद्वारों में एकत्र होकर आसा की वार का कीर्तन श्रवण करती है और श्री गुरु ग्रंथ साहिब जी में दर्ज पावन बारह माहा का पाठ कर नए वर्ष की मंगलमयी शुरुआत करती है।
2	HOLA_MAHALLA		7	7	0	Hola_Mohalla	ਹੋਲਾ ਮਹੱਲਾ (ਸ੍ਰੀ ਅਨੰਦਪੁਰ ਸਾਹਿਬ)	Hola Mahalla (Anandpur Sahib)	होला महल्ला (श्री आनंदपुर साहिब)	ਹੋਲਾ ਮਹੱਲਾ ਦਸਮੇਸ਼ ਪਿਤਾ ਸ੍ਰੀ ਗੁਰੂ ਗੋਬਿੰਦ ਸਿੰਘ ਜੀ ਵੱਲੋਂ 1701 ਈਸਵੀ ਵਿੱਚ ਸ੍ਰੀ ਅਨੰਦਪੁਰ ਸਾਹਿਬ (ਕਿਲ੍ਹਾ ਹੋਲਗੜ੍ਹ) ਵਿਖੇ ਆਰੰਭ ਕੀਤਾ ਗਿਆ ਖ਼ਾਲਸਈ ਜਾਹੋ-ਜਲਾਲ ਦਾ ਪ੍ਰਤੀਕ ਤਿਉਹਾਰ ਹੈ। ਹੋਲੀ ਦੇ ਰੰਗਾਂ ਦੀ ਥਾਂ ਗੁਰੂ ਸਾਹਿਬ ਨੇ ਖ਼ਾਲਸੇ ਨੂੰ ਸ਼ਸਤਰ ਵਿੱਦਿਆ, ਘੋੜ-ਸਵਾਰੀ, ਨੇਜ਼ਾਬਾਜ਼ੀ, ਗਤਕਾ ਅਤੇ ਜੰਗੀ ਮਸ਼ਕਾਂ (ਮਹੱਲਾ) ਰਾਹੀਂ ਬੀਰ ਰਸ ਅਤੇ ਚੜ੍ਹਦੀ ਕਲਾ ਦਾ ਅਦੁੱਤੀ ਸੰਦੇਸ਼ ਦਿੱਤਾ, ਜਿੱਥੇ ਨਿਹੰਗ ਸਿੰਘ ਜੰਗੀ ਕਰਤੱਬ ਵਿਖਾਉਂਦੇ ਹਨ।	Hola Mahalla (instituted in 1701 CE by Sri Guru Gobind Singh Ji at Sri Anandpur Sahib) is the Khalsa's sovereign martial festival, celebrated immediately following Holi. Rather than splashing colors, the Tenth Master transformed the occasion into a grand display of warrior prowess, Gatka (sword-fighting), horsemanship, archery, and mock military maneuvers by the Nihang Singhs, instilling an indomitable martial and spiritual spirit (Bir Ras) within the Panth.	होला महल्ला दशमेश पिता श्री गुरु गोबिंद सिंह जी द्वारा 1701 ईस्वी में श्री आनंदपुर साहिब (किला होलगढ़) में आरंभ किया गया खालसाई शौर्य और वीरता का पावन पर्व है। होली के रंगों के स्थान पर गुरु साहिब ने खालसा को शस्त्र विद्या, घुड़सवारी, गतका और सैन्य अभ्यासों (महल्ला) द्वारा वीर रस और स्वाभिमान का पाठ पढ़ाया, जिसमें निहंग सिंह अपने अद्भुत युद्ध कौशल का प्रदर्शन करते हैं।
3	HIST_HOLA_MAHALLA_PHAGAN_557		7	7	0	Hola_Mohalla	ਹੋਲਾ ਮਹੱਲਾ	Hola Mahalla	होला महल्ला	ਹੋਲਾ ਮਹੱਲਾ (ਸੰਮਤ 557 ਫੱਗਣ)। ਦਸਮੇਸ਼ ਪਿਤਾ ਸ੍ਰੀ ਗੁਰੂ ਗੋਬਿੰਦ ਸਿੰਘ ਜੀ ਵੱਲੋਂ ਸ੍ਰੀ ਅਨੰਦਪੁਰ ਸਾਹਿਬ ਵਿਖੇ ਸ਼ੁਰੂ ਕੀਤੇ ਖ਼ਾਲਸਾਈ ਜਾਹੋ-ਜਲਾਲ, ਸ਼ਸਤਰ ਵਿੱਦਿਆ ਅਤੇ ਨਿਹੰਗ ਸਿੰਘਾਂ ਦੇ ਮਹੱਲੇ ਦਾ ਇਤਿਹਾਸਕ ਦਿਹਾੜਾ।	Hola Mahalla (Phagan 557 observance). Commemorates the sovereign martial festival instituted by Sri Guru Gobind Singh Ji at Anandpur Sahib in 1701 CE, featuring weapon skills, horsemanship, and martial maneuvers by the Nihang Singhs.	होला महल्ला (संवत 557 फाल्गुन)। श्री गुरु गोबिंद सिंह जी द्वारा आनंदपुर साहिब में स्थापित खालसा के अदम्य साहस, शस्त्र विद्या और निहंग सिंहों के महल्ले का ऐतिहासिक स्मरण दिवस।
4	SHAHIDI_BABA_PHULA_SINGH	AKALI_PHULA_SINGH	2	5	0	Akali_Phula_Singh	ਸ਼ਹੀਦੀ ਦਿਹਾੜਾ ਅਕਾਲੀ ਬਾਬਾ ਫੂਲਾ ਸਿੰਘ ਜੀ	Shaheedi Akali Baba Phula Singh Ji	शहीदी दिवस अकाली बाबा फूला सिंह जी	ਅਕਾਲੀ ਬਾਬਾ ਫੂਲਾ ਸਿੰਘ ਜੀ (1761-1823), ਸ੍ਰੀ ਅਕਾਲ ਤਖ਼ਤ ਸਾਹਿਬ ਦੇ ਨਿਧੜਕ ਜਥੇਦਾਰ ਅਤੇ ਅਕਾਲੀ ਨਿਹੰਗ ਫ਼ੌਜ ਦੇ ਮੁਖੀ ਦਾ ਸ਼ਹੀਦੀ ਦਿਹਾੜਾ। ਆਪ ਜੀ ਗੁਰਮਤਿ ਮਰਯਾਦਾ ਦੇ ਅਦੁੱਤੀ ਪਹਿਰੇਦਾਰ ਸਨ, ਜਿਨ੍ਹਾਂ ਨੇ ਮਹਾਰਾਜਾ ਰਣਜੀਤ ਸਿੰਘ ਨੂੰ ਵੀ ਤਖ਼ਤ 'ਤੇ ਤਲਬ ਕਰਕੇ ਸਜ਼ਾ ਸੁਣਾਈ ਸੀ। ਆਪ ਜੀ ਨੇ ਕਸੂਰ, ਮੁਲਤਾਨ ਅਤੇ ਕਸ਼ਮੀਰ ਦੀਆਂ ਜਿੱਤਾਂ ਵਿੱਚ ਮੋਹਰੀ ਰੋਲ ਨਿਭਾਇਆ ਅਤੇ 1823 ਈ. ਵਿੱਚ ਨੌਸ਼ਹਿਰਾ (ਪੀਰ ਸਬਾਕ) ਦੀ ਜੰਗ ਵਿੱਚ ਮੈਦਾਨ-ਏ-ਜੰਗ ਵਿੱਚ ਬਹਾਦਰੀ ਨਾਲ ਲੜਦਿਆਂ ਸ਼ਹਾਦਤ ਦਾ ਜਾਮ ਪੀਤਾ।	Shaheedi Diwas of Akali Baba Phula Singh Ji (1761–1823), the revered Jathedar of Sri Akal Takht Sahib and supreme commander of the Akali Nihang Fauj. Known for his fearless adherence to Gurmat principles, he held Maharaja Ranjit Singh accountable for violations of Sikh conduct. He led the Khalsa army to historic victories at Kasur, Multan, and Kashmir, ultimately attaining glorious martyrdom while leading a decisive cavalry charge at the Battle of Nowshera (Pir Sabak) in 1823.	अकाली बाबा फूला सिंह जी (1761-1823), श्री अकाल तख्त साहिब के निडर जत्थेदार और अकाली निहंग सेना के महान सेनापति का शहीदी दिवस। आप गुरमत मर्यादा के अडिग प्रहरी थे, जिन्होंने महाराजा रणजीत सिंह को भी मर्यादा उल्लंघन पर अकाल तख्त पर तलब किया था। आपने कसूर, मुल्तान और कश्मीर विजय में अहम भूमिका निभाई और 1823 ईस्वी में नौशेरा (पीर सबाक) के युद्ध में अदम्य वीरता दिखाते हुए शहादत प्राप्त की।
5	HIST_DELHI_FATEH_BAGHEL_SINGH		7	7	0	Baghel_Singh	ਦਿੱਲੀ ਫ਼ਤਹਿ ਦਿਵਸ (ਸਰਦਾਰ ਬਘੇਲ ਸਿੰਘ)	Delhi Fateh Diwas (Sardar Baghel Singh)	दिल्ली फतेह दिवस (सरदार बघेल सिंह)	ਦਿੱਲੀ ਫ਼ਤਹਿ ਦਿਵਸ 11 ਮਾਰਚ 1783 ਨੂੰ ਸਰਦਾਰ ਬਘੇਲ ਸਿੰਘ, ਬਾਬਾ ਜੱਸਾ ਸਿੰਘ ਆਹਲੂਵਾਲੀਆ ਅਤੇ ਬਾਬਾ ਜੱਸਾ ਸਿੰਘ ਰਾਮਗੜ੍ਹੀਆ ਦੀ ਅਗਵਾਈ ਹੇਠ ਦਲ ਖ਼ਾਲਸਾ ਵੱਲੋਂ ਦਿੱਲੀ ਜਿੱਤਣ ਅਤੇ ਲਾਲ ਕਿਲ੍ਹੇ 'ਤੇ ਖ਼ਾਲਸਾਈ ਨਿਸ਼ਾਨ ਸਾਹਿਬ ਝੁਲਾਉਣ ਦਾ ਇਤਿਹਾਸਕ ਦਿਨ ਹੈ। ਮੁਗ਼ਲ ਬਾਦਸ਼ਾਹ ਸ਼ਾਹ ਆਲਮ ਦੂਜੇ ਨਾਲ ਹੋਏ ਸਮਝੌਤੇ ਤਹਿਤ ਸਰਦਾਰ ਬਘੇਲ ਸਿੰਘ ਨੇ ਦਿੱਲੀ ਵਿਖੇ ਗੁਰੂ ਸਾਹਿਬਾਨ ਦੇ ਇਤਿਹਾਸਕ ਅਸਥਾਨਾਂ ਦੀ ਨਿਸ਼ਾਨਦੇਹੀ ਕਰਕੇ ਗੁਰਦੁਆਰਾ ਸੀਸ ਗੰਜ ਸਾਹਿਬ, ਰਕਾਬ ਗੰਜ ਸਾਹਿਬ, ਬੰਗਲਾ ਸਾਹਿਬ, ਬਾਲਾ ਸਾਹਿਬ ਤੇ ਮਜਨੂੰ ਕਾ ਟਿੱਲਾ ਸਮੇਤ ਅਨੇਕਾਂ ਪਵਿੱਤਰ ਗੁਰਦੁਆਰੇ ਸਥਾਪਿਤ ਕੀਤੇ।	Delhi Fateh Diwas commemorates the historic conquest of Delhi on March 11, 1783 by the Dal Khalsa under the supreme command of Sardar Baghel Singh, Baba Jassa Singh Ahluwalia, and Baba Jassa Singh Ramgarhia. The Khalsa army hoisted the Nishan Sahib on the Red Fort (Diwan-e-Am). Under a historic treaty with Mughal Emperor Shah Alam II, Sardar Baghel Singh established and constructed Delhi's historic Gurdwaras, including Gurdwara Sis Ganj Sahib, Rakab Ganj Sahib, Bangla Sahib, Bala Sahib, and Majnu Ka Tilla.	दिल्ली फतेह दिवस 11 मार्च 1783 को सरदार बघेल सिंह, बाबा जस्सा सिंह आहलूवालिया और बाबा जस्सा सिंह रामगढ़िया के नेतृत्व में दल खालसा द्वारा दिल्ली विजय और लाल किले पर खालसाई निशान साहिब फहराने का ऐतिहासिक दिवस है। मुगल बादशाह शाह आलम द्वितीय के साथ समझौते के तहत सरदार बघेल सिंह ने दिल्ली में गुरु साहिबान के ऐतिहासिक स्थलों की खोज कर गुरुद्वारा सीस गंज साहिब, रकाब गंज साहिब, बंगला साहिब, बाला साहिब आदि ऐतिहासिक गुरुद्वारों का निर्माण करवाया।
6	GURU_HAR_RAI_THRONE	GURU_HAR_RAI	3	1	85	Guru_Har_Rai	ਗੁਰਗੱਦੀ ਦਿਵਸ ਗੁਰੂ ਹਰਿ ਰਾਇ ਜੀ	Gurgaddi Diwas Guru Har Rai Ji	गुरगद्दी दिवस गुरु हरि राय जी	ਸੱਤਵੇਂ ਪਾਤਸ਼ਾਹ ਸ੍ਰੀ ਗੁਰੂ ਹਰਿ ਰਾਇ ਜੀ ਦਾ ਪਾਵਨ ਗੁਰਗੱਦੀ ਦਿਵਸ (1644)। ਕੀਰਤਪੁਰ ਸਾਹਿਬ ਵਿਖੇ ਛੇਵੇਂ ਪਾਤਸ਼ਾਹ ਸ੍ਰੀ ਗੁਰੂ ਹਰਿਗੋਬਿੰਦ ਸਾਹਿਬ ਜੀ ਨੇ ਆਪਣੇ ਪੋਤਰੇ ਹਰਿ ਰਾਇ ਜੀ ਨੂੰ ਗੁਰਿਆਈ ਦੀ ਪਵਿੱਤਰ ਜ਼ਿੰਮੇਵਾਰੀ ਸੌਂਪੀ। ਗੁਰੂ ਹਰਿ ਰਾਇ ਜੀ ਨੇ ਜਿੱਥੇ 2,200 ਘੋੜ-ਸਵਾਰ ਸੈਨਿਕਾਂ ਦੀ ਫ਼ੌਜ ਤਿਆਰ ਰੱਖੀ, ਉੱਥੇ ਹੀ ਨਿਮਰਤਾ, ਦਇਆ ਅਤੇ ਕੁਦਰਤ ਪ੍ਰੇਮ ਦੀ ਮਿਸਾਲ ਕਾਇਮ ਕੀਤੀ ਅਤੇ ਇੱਕ ਵਿਸ਼ਾਲ ਦਵਾਖ਼ਾਨਾ (ਅਰੋਗਸ਼ਾਲਾ) ਸਥਾਪਿਤ ਕਰਕੇ ਲੋੜਵੰਦਾਂ ਦਾ ਮੁਫ਼ਤ ਇਲਾਜ ਕੀਤਾ।	Gurgaddi Diwas of Sri Guru Har Rai Ji (1644) as the seventh Sikh Guru. At Kiratpur Sahib, the Sixth Master Sri Guru Hargobind Ji bestowed the Guruship upon his gentle, compassionate grandson Har Rai Ji. Guru Har Rai Ji maintained a standing cavalry of 2,200 armed warriors to safeguard the Panth while strictly adhering to peace, and established a famed dispensary (Dawa-khana) providing rare herbs and medicinal care to all, including saving the life of Prince Dara Shikoh.	सातवें पातशाह श्री गुरु हरि राय जी का पावन गुरगद्दी दिवस (1644)। कीरतपुर साहिब में छठे पातशाह श्री गुरु हरगोविंद साहिब जी ने अपने पौत्र हरि राय जी को गुरगद्दी सौंपी। गुरु हरि राय जी ने 2,200 घुड़सवार योद्धाओं की रक्षा सेना बनाए रखी और साथ ही दया, करुणा और सेवा का अद्वितीय उदाहरण प्रस्तुत करते हुए एक विशाल औषधालय (दवाखाना) स्थापित कर दीन-दुखियों का निःशुल्क उपचार किया।
7	GURU_AMAR_DAS_THRONE	GURU_AMAR_DAS	3	1	85	Guru_Amar_Das	ਗੁਰਗੱਦੀ ਦਿਵਸ ਗੁਰੂ ਅਮਰ ਦਾਸ ਜੀ	Gurgaddi Diwas Guru Amar Das Ji	गुरगद्दी दिवस गुरु अमर दास जी	ਤੀਜੇ ਪਾਤਸ਼ਾਹ ਸ੍ਰੀ ਗੁਰੂ ਅਮਰਦਾਸ ਜੀ ਦਾ ਪਾਵਨ ਗੁਰਗੱਦੀ ਦਿਵਸ (1552)। ਖਡੂਰ ਸਾਹਿਬ ਵਿਖੇ ਦੂਜੇ ਪਾਤਸ਼ਾਹ ਸ੍ਰੀ ਗੁਰੂ ਅੰਗਦ ਦੇਵ ਜੀ ਨੇ ਬਾਬਾ ਅਮਰਦਾਸ ਜੀ ਦੀ 12 ਸਾਲਾਂ ਦੀ ਅਣਥੱਕ ਤੇ ਨਿਸ਼ਕਾਮ ਜਲ ਸੇਵਾ (ਬਿਆਸ ਦਰਿਆ ਤੋਂ ਰੋਜ਼ਾਨਾ ਗਾਗਰ ਵਿੱਚ ਜਲ ਲਿਆਉਣਾ) ਤੋਂ ਪ੍ਰਸੰਨ ਹੋ ਕੇ ਗੁਰਗੱਦੀ ਬਖ਼ਸ਼ਿਸ਼ ਕੀਤੀ। ਗੁਰੂ ਅਮਰਦਾਸ ਜੀ ਨੇ ਗੋਇੰਦਵਾਲ ਸਾਹਿਬ ਵਿਖੇ ਬਉਲੀ ਸਾਹਿਬ ਦੀ ਉਸਾਰੀ ਕਰਵਾਈ, 22 ਮੰਜੀਆਂ ਸਥਾਪਿਤ ਕਰਕੇ ਪ੍ਰਚਾਰ ਪ੍ਰਣਾਲੀ ਮਜ਼ਬੂਤ ਕੀਤੀ ਅਤੇ 'ਪਹਿਲੇ ਪੰਗਤ ਪਾਛੇ ਸੰਗਤ' ਦਾ ਅਟੱਲ ਨਿਯਮ ਬਣਾਇਆ।	Gurgaddi Diwas of Sri Guru Amar Das Ji (1552) as the third Sikh Guru. At Khadur Sahib, Sri Guru Angad Dev Ji bestowed Guruship upon Baba Amar Das Ji in recognition of twelve years of humble, unbroken devotion (fetching water daily from the Beas River at Goindval for the Guru's pre-dawn bath). Guru Amar Das Ji institutionalized the Manji system (22 administrative preaching dioceses), firmly established the egalitarian rule of 'Pehle Pangat, Paache Sangat' (eating together in Langar before meeting the Guru), and vehemently abolished social evils like Sati and Purdah.	तीसरे पातशाह श्री गुरु अमरदास जी का पावन गुरगद्दी दिवस (1552)। खडूर साहिब में द्वितीय पातशाह श्री गुरु अंगद देव जी ने बाबा अमरदास जी की 12 वर्षों की अनथक जल सेवा से प्रसन्न होकर उन्हें गुरगद्दी की जिम्मेदारी सौंपी। गुरु अमरदास जी ने गोइंदवाल साहिब में 84 पौड़ियों वाली बाउली साहिब का निर्माण कराया, 22 मंजियों की स्थापना कर सिख धर्म का प्रचार किया और 'पहले पंगत, पाछे संगत' का नियम दृढ़ता से लागू किया।
8	GURU_ANGAD_DEV_JOTI_JOT	GURU_ANGAD_DEV	5	1	0	Guru_Angad	ਜੋਤੀ-ਜੋਤਿ ਗੁਰੂ ਅੰਗਦ ਦੇਵ ਜੀ	Jyoti-Jyot (Passing Away) of Guru Angad Dev Ji	ज्योति ज्योत गुरु अंगद देव जी	ਦੂਜੇ ਪਾਤਸ਼ਾਹ ਸ੍ਰੀ ਗੁਰੂ ਅੰਗਦ ਦੇਵ ਜੀ (1504-1552) ਦਾ ਜੋਤੀ ਜੋਤਿ ਦਿਵਸ। ਸ੍ਰੀ ਖਡੂਰ ਸਾਹਿਬ ਵਿਖੇ ਗੁਰਮੁਖੀ ਲਿੱਪੀ ਦਾ ਪ੍ਰਚਾਰ, ਵਿੱਦਿਆ ਦੇ ਪਸਾਰ ਅਤੇ ਮੱਲ ਅਖਾੜਿਆਂ ਰਾਹੀਂ ਸਰੀਰਕ ਤੇ ਆਤਮਿਕ ਤੰਦਰੁਸਤੀ ਦਾ ਸੰਦੇਸ਼ ਦੇਣ ਉਪਰੰਤ, ਆਪ ਜੀ ਨੇ ਬਾਬਾ ਅਮਰਦਾਸ ਜੀ ਦੇ ਅਦੁੱਤੀ ਸਮਰਪਣ ਨੂੰ ਦੇਖਦਿਆਂ ਉਹਨਾਂ ਨੂੰ ਗੁਰਗੱਦੀ ਸੌਂਪੀ ਅਤੇ ਸੱਚਖੰਡ ਪਿਆਨਾ ਕੀਤਾ।	Joti Jot (merging with the Divine Light) of Sri Guru Angad Dev Ji (1504–1552), the second Sikh Guru. At Sri Khadur Sahib, after faithfully serving humanity, promoting Gurmukhi education, and establishing Mal Akharas (wrestling arenas), Guru Ji tested Baba Amar Das Ji's deep humility and selfless devotion, bowed before him, and transmitted the divine light of Guruship as the third Guru.	द्वितीय पातशाह श्री गुरु अंगद देव जी (1504-1552) का ज्योति ज्योत दिवस। श्री खडूर साहिब में गुरमुखी लिपि का मानकीकरण, शिक्षा का प्रसार और अखाड़ों की स्थापना के उपरांत, आपने बाबा अमरदास जी के निष्काम समर्पण को देखते हुए उन्हें तीसरा गुरु नियुक्त किया और परम ज्योति में लीन हुए।
9	GURU_HARGOBIND_JOTI_JOT	GURU_HARGOBIND	5	1	0	Guru_Har_Gobind	ਜੋਤੀ-ਜੋਤਿ ਗੁਰੂ ਹਰਿਗੋਬਿੰਦ ਜੀ	Jyoti-Jyot (Passing Away) of Guru Hargobind Ji	ज्योति ज्योत गुरु हरगोबिंद जी	ਮੀਰੀ-ਪੀਰੀ ਦੇ ਮਾਲਕ ਅਤੇ ਬੰਦੀ ਛੋੜ ਛੇਵੇਂ ਪਾਤਸ਼ਾਹ ਸ੍ਰੀ ਗੁਰੂ ਹਰਿਗੋਬਿੰਦ ਸਾਹਿਬ ਜੀ (1595-1644) ਦਾ ਜੋਤੀ ਜੋਤਿ ਦਿਵਸ। ਆਪ ਜੀ ਨੇ ਸ੍ਰੀ ਅਕਾਲ ਤਖ਼ਤ ਸਾਹਿਬ ਦੀ ਸਿਰਜਣਾ ਕੀਤੀ, ਸੰਤ-ਸਿਪਾਹੀ ਦੇ ਸੰਕਲਪ ਨੂੰ ਸਾਕਾਰ ਕੀਤਾ ਅਤੇ ਮੁਗ਼ਲਾਂ ਵਿਰੁੱਧ ਚਾਰ ਧਰਮ ਯੁੱਧਾਂ ਵਿੱਚ ਸ਼ਾਨਦਾਰ ਜਿੱਤਾਂ ਪ੍ਰਾਪਤ ਕੀਤੀਆਂ। ਕੀਰਤਪੁਰ ਸਾਹਿਬ ਵਿਖੇ ਆਪ ਜੀ ਨੇ ਆਪਣੇ ਪੋਤਰੇ ਸ੍ਰੀ ਗੁਰੂ ਹਰਿ ਰਾਇ ਜੀ ਨੂੰ ਗੁਰਤਾਗੱਦੀ ਸੌਂਪ ਕੇ ਜੋਤੀ ਜੋਤਿ ਸਮਾਏ।	Joti Jot (merging with the Divine Light) of the Sixth Master, Sri Guru Hargobind Sahib Ji (1595–1644). Born at Vadali and revered as Bandi Chhor (Deliverer of the Captives) and Miri-Piri De Malik (Master of Temporal and Spiritual Authority), Guru Ji established the Sri Akal Takht Sahib and fought four defensive battles against Mughal forces. He passed away peacefully at Kiratpur Sahib after appointing his grandson Sri Guru Har Rai Ji as his successor.	मीरी-पीरी के मालिक और बंदी छोड़ छठे पातशाह श्री गुरु हरगोविंद साहिब जी (1595-1644) का ज्योति ज्योत दिवस। आपने श्री अकाल तख्त साहिब का सृजन किया, संत-सिपाही का सिद्धांत दिया और मुगलों के विरुद्ध चार धर्म युद्धों में विजय प्राप्त की। कीरतपुर साहिब में आपने अपने पौत्र श्री गुरु हरि राय जी को गुरगद्दी सौंपकर परम ज्योति में प्रवेश किया।
10	SHAHIDI_BHAGAT_SINGH	SHAHEED_BHAGAT_SINGH	2	5	0	Bhagat_Singh	ਸ਼ਹੀਦੀ ਦਿਵਸ ਸ਼ਹੀਦ ਭਗਤ ਸਿੰਘ ਜੀ	Shaheedi Shaheed Bhagat Singh	शहीदी दिवस शहीद भगत सिंह जी	ਸ਼ਹੀਦ-ਏ-ਆਜ਼ਮ ਸਰਦਾਰ ਭਗਤ ਸਿੰਘ (1907-1931), ਸ਼ਿਵਰਾਮ ਰਾਜਗੁਰੂ ਅਤੇ ਸੁਖਦੇਵ ਥਾਪਰ ਦਾ ਸ਼ਹੀਦੀ ਦਿਹਾੜਾ। ਬੰਗਾ (ਲਾਇਲਪੁਰ) ਦੇ ਜੰਮਪਲ ਭਗਤ ਸਿੰਘ ਨੇ ਨੌਜਵਾਨ ਭਾਰਤ ਸਭਾ ਬਣਾ ਕੇ ਅੰਗਰੇਜ਼ੀ ਸਾਮਰਾਜਵਾਦ ਵਿਰੁੱਧ ਇਨਕਲਾਬੀ ਲਹਿਰ ਖੜ੍ਹੀ ਕੀਤੀ। ਲਾਹੌਰ ਸਾਜ਼ਿਸ਼ ਕੇਸ ਤਹਿਤ 23 ਮਾਰਚ 1931 ਨੂੰ ਲਾਹੌਰ ਸੈਂਟਰਲ ਜੇਲ੍ਹ ਵਿੱਚ ਹੱਸ-ਹੱਸ ਕੇ ਫਾਂਸੀ ਦਾ ਰੱਸਾ ਚੁੰਮਦਿਆਂ ਮਾਤ-ਭੂਮੀ ਦੀ ਆਜ਼ਾਦੀ ਲਈ ਆਪਣੀ ਜਵਾਨੀ ਕੁਰਬਾਨ ਕਰ ਦਿੱਤੀ।	Shaheedi Diwas of Shaheed-e-Azam Sardar Bhagat Singh (1907–1931), along with comrades Shivaram Rajguru and Sukhdev Thapar. Born in Banga (Lyallpur), Bhagat Singh founded the Naujawan Bharat Sabha and spearheaded fearless resistance against British imperialism. Condemned in the Lahore Conspiracy Case, the three young patriots kissed the hangman's noose with smiles on March 23, 1931 in Lahore Central Jail, immortalizing their supreme sacrifice for India's liberty.	शहीद-ए-आज़म सरदार भगत सिंह (1907-1931), शिवराम राजगुरु और सुखदेव थापर का शहीदी दिवस। बंगा (लायलपुर) में जन्मे भगत सिंह ने नौजवान भारत सभा का गठन कर ब्रिटिश साम्राज्यवाद के विरुद्ध क्रांति की अलख जगाई। 23 मार्च 1931 को लाहौर सेंट्रल जेल में हँसते-हँसते फाँसी के फंदे को चूमकर देश की स्वतंत्रता के लिए अपने प्राण न्यौछावर कर दिए।
11	SHAHIDI_SUBEG_SHAHBAZ_SINGH	BHAI_SUBEG_SINGH	2	5	0	Bhai_Subeg_Singh	ਸ਼ਹੀਦੀ ਭਾਈ ਸੁਬੇਗ ਸਿੰਘ ਤੇ ਭਾਈ ਸ਼ਾਹਬਾਜ਼ ਸਿੰਘ	Shaheedi Bhai Subeg Singh & Shahbaz Singh	शहीदी भाई सुबेग सिंह व शाहबाज़ सिंह	ਭਾਈ ਸੁਬੇਗ ਸਿੰਘ ਜੀ ਅਤੇ ਉਹਨਾਂ ਦੇ 18 ਸਾਲਾ ਹੋਣਹਾਰ ਸਪੁੱਤਰ ਭਾਈ ਸ਼ਾਹਬਾਜ਼ ਸਿੰਘ ਜੀ ਦਾ ਸ਼ਹੀਦੀ ਦਿਹਾੜਾ (1745 ਈ.)। ਭਾਈ ਸੁਬੇਗ ਸਿੰਘ ਲਾਹੌਰ ਦੇ ਕੋਤਵਾਲ ਅਤੇ ਸਤਿਕਾਰਤ ਵਿਦਵਾਨ ਸਨ, ਜਿਨ੍ਹਾਂ ਨੇ 1733 ਵਿੱਚ ਖ਼ਾਲਸੇ ਨੂੰ ਨਵਾਬੀ ਦਾ ਖ਼ਿਤਾਬ ਦਿਵਾਉਣ ਵਿੱਚ ਵਿਚੋਲਗੀ ਕੀਤੀ ਸੀ। ਲਾਹੌਰ ਦੇ ਗਵਰਨਰ ਯਹੀਆ ਖ਼ਾਨ ਵੱਲੋਂ ਧਰਮ ਬਦਲਣ ਦੇ ਦਬਾਅ ਅੱਗੇ ਨਾ ਝੁਕਦਿਆਂ, ਦੋਵਾਂ ਪਿਓ-ਪੁੱਤਾਂ ਨੇ ਚਰਖੜੀਆਂ 'ਤੇ ਚੜ੍ਹ ਕੇ ਬੰਦ-ਬੰਦ ਕਟਵਾਏ ਪਰ ਸਿੱਖੀ ਸਿਦਕ ਕੇਸਾਂ-ਸੁਆਸਾਂ ਨਾਲ ਨਿਭਾਇਆ।	Shaheedi Diwas of Bhai Subeg Singh Ji and his young son Bhai Shahbaz Singh Ji (1745 CE). Bhai Subeg Singh was a trusted Kotwal of Lahore and respected diplomat who negotiated the peace agreement offering the title of Nawab to Sardar Kapur Singh in 1733. Under Governor Yahya Khan, both father and son were arrested and given the ultimatum to accept Islam or face death. Refusing to compromise their Sikh faith, both embraced horrific martyrdom strapped to rotating wheels with sharp blades (Charkhari) in Lahore while reciting Gurbani.	भाई सुबेग सिंह जी और उनके 18 वर्षीय सुपुत्र भाई शाहबाज़ सिंह जी का शहीदी दिवस (1745 ईस्वी)। भाई सुबेग सिंह लाहौर के कोतवाल और विद्वान राजनयिक थे, जिन्होंने 1733 में दल खालसा को नवाब का खिताब दिलाने में मध्यस्थता की थी। लाहौर के गवर्नर याहिया खान के अत्याचारों के आगे धर्म परिवर्तन से इनकार करते हुए, दोनों पिता-पुत्र ने चरखड़ियों पर कटकर हंसते-हंसते अद्वितीय शहादत दी।
12	SAHIBZADA_JUJHHAR_SINGH_BIRTH	SAHIBZADA_JUJHHAR_SINGH	1	3	80	Sahibzada_Jujhar_Singh	ਪ੍ਰਕਾਸ਼ ਦਿਹਾੜਾ ਸਾਹਿਬਜ਼ਾਦਾ ਜੁਝਾਰ ਸਿੰਘ ਜੀ	Prakash Diwas Sahibzada Jujhhar Singh Ji	जन्म दिवस साहिबजादा जुझार सिंह जी	ਦਸਮੇਸ਼ ਪਿਤਾ ਸ੍ਰੀ ਗੁਰੂ ਗੋਬਿੰਦ ਸਿੰਘ ਜੀ ਅਤੇ ਮਾਤਾ ਜੀਤੋ ਜੀ ਦੇ ਦੂਜੇ ਸਪੁੱਤਰ ਸਾਹਿਬਜ਼ਾਦਾ ਜੁਝਾਰ ਸਿੰਘ ਜੀ (1691-1705) ਦਾ ਪ੍ਰਕਾਸ਼ ਦਿਹਾੜਾ, ਜਿਨ੍ਹਾਂ ਦਾ ਜਨਮ ਸ੍ਰੀ ਅਨੰਦਪੁਰ ਸਾਹਿਬ ਵਿਖੇ ਹੋਇਆ। ਆਪ ਜੀ ਨੇ 14 ਸਾਲ ਦੀ ਛੋਟੀ ਉਮਰ ਵਿੱਚ ਚਮਕੌਰ ਦੀ ਜੰਗ ਵਿੱਚ ਵੱਡੇ ਵੀਰ ਬਾਬਾ ਅਜੀਤ ਸਿੰਘ ਜੀ ਦੀ ਸ਼ਹਾਦਤ ਮਗਰੋਂ ਮੈਦਾਨ-ਏ-ਜੰਗ ਵਿੱਚ ਉਤਰ ਕੇ ਅਦੁੱਤੀ ਬਹਾਦਰੀ ਨਾਲ ਦੁਸ਼ਮਣਾਂ ਦੇ ਆਹੂ ਲਾਹੇ ਅਤੇ ਸ਼ਹਾਦਤ ਦਾ ਜਾਮ ਪੀਤਾ।	Prakash Diwas of Sahibzada Jujhar Singh Ji (1691–1705), the second son of Sri Guru Gobind Singh Ji and Mata Jito Ji, born at Sri Anandpur Sahib. Imbued with supreme martial skills and divine wisdom, he stepped onto the battlefield of Chamkaur Sahib at the age of fourteen following his elder brother's martyrdom, fighting valiantly against tens of thousands of imperial troops before attaining supreme martyrdom.	दशमेश पिता श्री गुरु गोबिंद सिंह जी और माता जीतो जी के द्वितीय सुपुत्र साहिबजादा जुझार सिंह जी (1691-1705) का प्रकाश दिवस, जिनका जन्म श्री आनंदपुर साहिब में हुआ। मात्र 14 वर्ष की आयु में चमकौर के युद्ध में बड़े भाई बाबा अजीत सिंह जी की शहादत के बाद आपने रणभूमि में अप्रतिम शौर्य का प्रदर्शन करते हुए सर्वोच्च शहादत पाई।
13	GURU_TEGH_BAHADUR_THRONE	GURU_TEGH_BAHADUR	3	1	85	Guru_Tegh_Bahadur	ਗੁਰਗੱਦੀ ਦਿਵਸ ਗੁਰੂ ਤੇਗ ਬਹਾਦਰ ਜੀ	Gurgaddi Diwas Guru Tegh Bahadur Ji	गुरगद्दी दिवस गुरु तेज बहादुर जी	ਨੌਵੇਂ ਪਾਤਸ਼ਾਹ ਸ੍ਰੀ ਗੁਰੂ ਤੇਗ਼ ਬਹਾਦਰ ਸਾਹਿਬ ਜੀ ਦਾ ਪਾਵਨ ਗੁਰਗੱਦੀ ਦਿਵਸ (1664)। ਅੱਠਵੇਂ ਪਾਤਸ਼ਾਹ ਦੇ 'ਬਾਬਾ ਬਕਾਲੇ' ਬਚਨਾਂ ਮਗਰੋਂ ਬਾਈ ਦੰਭੀ ਮਸੰਦ ਗੁਰੂ ਬਣ ਬੈਠੇ ਸਨ। ਮੱਖਣ ਸ਼ਾਹ ਲੁਬਾਣਾ ਨੇ ਭੋਰੇ ਵਿੱਚ ਸਿਮਰਨ ਕਰ ਰਹੇ ਸੱਚੇ ਪਾਤਸ਼ਾਹ ਨੂੰ ਲੱਭ ਕੇ ਕੋਠੇ 'ਤੇ ਚੜ੍ਹ ਕੇ ਹੋਕਾ ਦਿੱਤਾ 'ਗੁਰੂ ਲਾਧੋ ਰੇ!'। ਗੁਰੂ ਸਾਹਿਬ ਨੇ ਗੁਰਿਆਈ ਸੰਭਾਲ ਕੇ ਚੱਕ ਨਾਨਕੀ (ਸ੍ਰੀ ਅਨੰਦਪੁਰ ਸਾਹਿਬ) ਵਸਾਇਆ ਅਤੇ ਧਰਮ ਦੀ ਰੱਖਿਆ ਲਈ ਸੀਸ ਕੁਰਬਾਨ ਕੀਤਾ।	Gurgaddi Diwas of the Ninth Master, Sri Guru Tegh Bahadur Ji (1664). Following Guru Har Krishan Ji's departure with the prophetic words 'Baba Bakale', twenty-two imposter Sodhis set up false platforms. The merchant Makhan Shah Lubana discovered the True Guru meditating in silence in his subterranean chamber (Bhora Sahib) and proclaimed 'Guru Ladho Re' (The Guru is Found!). Guru Tegh Bahadur Ji formally assumed the Guruship, later establishing Chak Nanaki (Sri Anandpur Sahib) and sacrificing his life for universal human freedom.	नौवें पातशाह श्री गुरु तेग बहादुर साहिब जी का पावन गुरगद्दी दिवस (1664)। आठवें पातशाह के 'बाबा बकाले' वचनों के उपरांत मक्खन शाह लुभाना ने सच्चे गुरु की खोज कर 'गुरु लाधो रे' का उद्घोष किया। गुरु साहिब ने गुरगद्दी संभालकर चक नानकी (श्री आनंदपुर साहिब) की स्थापना की और मानवीय स्वतंत्रता तथा तिलक-जंजू की रक्षा के लिए सर्वोच्च बलिदान दिया।
14	GURU_HAR_KRISHAN_JOTI_JOT	GURU_HAR_KRISHAN	5	1	0	Guru_Har_Krishan	ਜੋਤੀ-ਜੋਤਿ ਗੁਰੂ ਹਰਿ ਕ੍ਰਿਸ਼ਨ ਜੀ	Jyoti-Jyot (Passing Away) of Guru Har Krishan Ji	ज्योति ज्योत गुरु हरि किशन जी	ਅੱਠਵੇਂ ਪਾਤਸ਼ਾਹ ਬਾਲਾ ਪ੍ਰੀਤਮ ਸ੍ਰੀ ਗੁਰੂ ਹਰਿਕ੍ਰਿਸ਼ਨ ਸਾਹਿਬ ਜੀ (1656-1664) ਦਾ ਜੋਤੀ ਜੋਤਿ ਦਿਵਸ। ਪੰਜ ਸਾਲ ਦੀ ਉਮਰ ਵਿੱਚ ਗੁਰਗੱਦੀ 'ਤੇ ਬਿਰਾਜਮਾਨ ਹੋ ਕੇ ਆਪ ਜੀ ਦਿੱਲੀ ਵਿਖੇ ਰਾਜਾ ਜੈ ਸਿੰਘ ਦੇ ਬੰਗਲੇ (ਹੁਣ ਗੁਰਦੁਆਰਾ ਬੰਗਲਾ ਸਾਹਿਬ) ਠਹਿਰੇ, ਜਿੱਥੇ ਫੈਲੀ ਚੇਚਕ ਅਤੇ ਹੈਜ਼ੇ ਦੀ ਮਹਾਂਮਾਰੀ ਦੌਰਾਨ ਆਪ ਜੀ ਨੇ ਰੋਗੀਆਂ ਦੀ ਨਿਸ਼ਕਾਮ ਸੇਵਾ ਕੀਤੀ ਅਤੇ ਚਰਨਾਮ੍ਰਿਤ ਨਾਲ ਸੰਗਤਾਂ ਨੂੰ ਅਰੋਗ ਕੀਤਾ। ਅੱਠ ਸਾਲ ਦੀ ਆਯੂ ਵਿੱਚ 'ਬਾਬਾ ਬਕਾਲੇ' ਕਹਿ ਕੇ ਨੌਵੇਂ ਪਾਤਸ਼ਾਹ ਵੱਲ ਸੰਕੇਤ ਕਰਦਿਆਂ ਆਪ ਜੀ ਜੋਤੀ ਜੋਤਿ ਸਮਾਏ।	Joti Jot (merging with the Divine Light) of the Eighth Sikh Guru, Sri Guru Har Krishan Ji (1656–1664), revered as 'Ashtam Balbira'. Ascending the Guruship at the age of five, Guru Ji visited Delhi at Raja Jai Singh's bungalow (now Gurdwara Bangla Sahib) during a devastating cholera and smallpox epidemic. Personally nursing the afflicted and sanctifying the well-water to cure patients, Guru Ji contracted the illness onto his own body. Before passing away at age eight, he whispered 'Baba Bakale', indicating his successor Guru Tegh Bahadur Ji.	आठवें पातशाह बाला प्रीतम श्री गुरु हरि कृष्ण साहिब जी (1656-1664) का ज्योति ज्योत दिवस। पाँच वर्ष की आयु में गुरगद्दी पर विराजमान होकर आप दिल्ली में राजा जयसिंह के बंगले (अब गुरुद्वारा बंगला साहिब) पधारे और चेचक व हैजे की महामारी के समय पीड़ितों की निःस्वार्थ सेवा कर अमृत-जल से रोगमुक्त किया। आठ वर्ष की आयु में 'बाबा बकाले' का पावन संकेत देकर आप ज्योति में लीन हुए।
15	GURU_TEGH_BAHADUR_BIRTH	GURU_TEGH_BAHADUR	1	1	90	Guru_Tegh_Bahadur	ਪ੍ਰਕਾਸ਼ ਗੁਰਪੁਰਬ ਗੁਰੂ ਤੇਗ ਬਹਾਦਰ ਜੀ	Prakash Purab Guru Tegh Bahadur Ji	प्रकाश पुरब गुरु तेज बहादुर जी	ਹਿੰਦ ਦੀ ਚਾਦਰ ਨੌਵੇਂ ਪਾਤਸ਼ਾਹ ਸ੍ਰੀ ਗੁਰੂ ਤੇਗ਼ ਬਹਾਦਰ ਸਾਹਿਬ ਜੀ (1621-1675) ਦਾ ਪ੍ਰਕਾਸ਼ ਗੁਰਪੁਰਬ। ਆਪ ਜੀ ਦਾ ਜਨਮ ਗੁਰੂ ਕੇ ਮਹਿਲ (ਸ੍ਰੀ ਅੰਮ੍ਰਿਤਸਰ) ਵਿਖੇ ਛੇਵੇਂ ਪਾਤਸ਼ਾਹ ਸ੍ਰੀ ਗੁਰੂ ਹਰਿਗੋਬਿੰਦ ਸਾਹਿਬ ਜੀ ਅਤੇ ਮਾਤਾ ਨਾਨਕੀ ਜੀ ਦੇ ਗ੍ਰਹਿ ਹੋਇਆ। ਕਰਤਾਰਪੁਰ ਦੀ ਜੰਗ ਵਿੱਚ ਬਹਾਦਰੀ ਵੇਖ ਕੇ ਗੁਰੂ ਸਾਹਿਬ ਨੇ ਆਪ ਜੀ ਦਾ ਨਾਮ 'ਤੇਗ਼ ਬਹਾਦਰ' ਰੱਖਿਆ। ਆਪ ਜੀ ਦੀ ਰਚੀ ਪਾਵਨ ਬਾਣੀ ਸ੍ਰੀ ਗੁਰੂ ਗ੍ਰੰਥ ਸਾਹਿਬ ਜੀ ਵਿੱਚ ਦਰਜ ਹੈ। ਆਪ ਜੀ ਨੇ ਕਸ਼ਮੀਰੀ ਪੰਡਿਤਾਂ ਦੀ ਫ਼ਰਿਆਦ 'ਤੇ ਮਨੁੱਖੀ ਹੱਕਾਂ ਅਤੇ ਧਾਰਮਿਕ ਆਜ਼ਾਦੀ ਲਈ ਦਿੱਲੀ ਦੇ ਚਾਂਦਨੀ ਚੌਕ ਵਿੱਚ ਲਾਸਾਨੀ ਸ਼ਹਾਦਤ ਦਿੱਤੀ।	Prakash Purab of Sri Guru Tegh Bahadur Ji (1621–1675), the ninth Sikh Guru, revered as 'Hind Di Chadar' (Shield of Humanity). Born at Guru Ke Mahal, Amritsar, the youngest son of Guru Hargobind Sahib Ji, he earned his name 'Tegh Bahadur' (Master of the Sword) for his bravery in the Battle of Kartarpur. His sublime Gurbani of detachment and devotion is enshrined in Sri Guru Granth Sahib Ji, and he gave his life in Delhi to protect the religious freedom of Kashmiri Pandits and all persecuted faiths.	हिन्द की चादर नवम पातशाह श्री गुरु तेग बहादुर साहिब जी (1621-1675) का प्रकाश गुरपुरब। आपका जन्म गुरु के महल (श्री अमृतसर) में छठे पातशाह श्री गुरु हरगोविंद साहिब जी और माता नानकी जी के घर हुआ। करतारपुर के युद्ध में अनुपम वीरता दिखाने पर आपका नाम 'तेग बहादुर' पड़ा। आपकी वैराग्यमयी वाणी श्री गुरु ग्रंथ साहिब जी में दर्ज है। आपने कश्मीरी पंडितों और धार्मिक स्वतंत्रता की रक्षा हेतु दिल्ली के चाँदनी चौक में अद्वितीय बलिदान दिया।
16	GURU_ARJAN_DEV_BIRTH	GURU_ARJAN_DEV	1	1	90	Guru_Arjan	ਪ੍ਰਕਾਸ਼ ਗੁਰਪੁਰਬ ਗੁਰੂ ਅਰਜਨ ਦੇਵ ਜੀ	Prakash Purab Guru Arjan Dev Ji	प्रकाश पुरब गुरु अर्जन देव जी	ਸ਼ਹੀਦਾਂ ਦੇ ਸਿਰਤਾਜ ਪੰਚਮ ਪਾਤਸ਼ਾਹ ਸ੍ਰੀ ਗੁਰੂ ਅਰਜਨ ਦੇਵ ਜੀ (1563-1606) ਦਾ ਪ੍ਰਕਾਸ਼ ਗੁਰਪੁਰਬ। ਆਪ ਜੀ ਦਾ ਜਨਮ ਸ੍ਰੀ ਗੋਇੰਦਵਾਲ ਸਾਹਿਬ ਵਿਖੇ ਚੌਥੇ ਪਾਤਸ਼ਾਹ ਸ੍ਰੀ ਗੁਰੂ ਰਾਮਦਾਸ ਜੀ ਅਤੇ ਬੀਬੀ ਭਾਨੀ ਜੀ ਦੇ ਗ੍ਰਹਿ ਹੋਇਆ। ਆਪ ਜੀ ਨੇ ਰੂਹਾਨੀਅਤ ਦੇ ਕੇਂਦਰ ਸ੍ਰੀ ਹਰਿਮੰਦਰ ਸਾਹਿਬ ਦੀ ਉਸਾਰੀ ਕਰਵਾਈ, 1604 ਈਸਵੀ ਵਿੱਚ ਪਾਵਨ ਆਦਿ ਗ੍ਰੰਥ ਸਾਹਿਬ ਜੀ ਦੀ ਸੰਪਾਦਨਾ ਕੀਤੀ, ਤਰਨ ਤਾਰਨ ਤੇ ਕਰਤਾਰਪੁਰ ਨਗਰ ਵਸਾਏ ਅਤੇ ਤੱਤੀ ਤਵੀ 'ਤੇ ਬੈਠ ਕੇ 'ਤੇਰਾ ਭਾਣਾ ਮੀਠਾ ਲਾਗੈ' ਕਹਿ ਸ਼ਹਾਦਤ ਦਾ ਮਾਰਗ ਦਰਸਾਇਆ।	Prakash Purab of Sri Guru Arjan Dev Ji (1563–1606), the fifth Sikh Guru and first martyr of the Sikh faith. Born at Goindval Sahib to Guru Ram Das Ji and Mata Bhani Ji, he was the profound architect of the Sikh spiritual edifice: compiling the sacred Adi Granth in 1604, constructing Sri Harmandir Sahib with four open doors, founding the sacred cities of Tarn Taran and Kartarpur, and exemplifying supreme surrender to the Divine Will ('Tera Bhana Meetha Lage').	शहीदों के सिरमौर पंचम पातशाह श्री गुरु अर्जन देव जी (1563-1606) का प्रकाश गुरपुरब। आपका जन्म श्री गोइंदवाल साहिब में चौथे पातशाह श्री गुरु रामदास जी और माता भानी जी के घर हुआ। आपने श्री हरिमंदिर साहिब का निर्माण करवाया, 1604 ईस्वी में पवित्र आदि ग्रंथ साहिब जी का संपादन किया और 'तेरा भाणा मीठा लागै' का उच्चारण करते हुए धर्म की रक्षा के लिए सर्वोच्च शहादत दी।
17	SIKH_DASTAR_DAY		7	7	0	Turban	ਅੰਤਰਰਾਸ਼ਟਰੀ ਦਸਤਾਰ ਦਿਵਸ	International Sikh Dastar (Turban) Day	अंतर्राष्ट्रीय दस्तार दिवस	ਅੰਤਰਰਾਸ਼ਟਰੀ ਦਸਤਾਰ ਦਿਵਸ 13 ਅਪ੍ਰੈਲ (ਵਿਸਾਖੀ) ਨੂੰ ਵਿਸ਼ਵ ਭਰ ਵਿੱਚ ਮਨਾਇਆ ਜਾਂਦਾ ਹੈ। ਦਸਤਾਰ ਸਿੱਖ ਦੀ ਵੱਖਰੀ ਪਛਾਣ, ਅਣਖ, ਇੱਜ਼ਤ ਅਤੇ ਰੂਹਾਨੀ ਪ੍ਰਭੂਸੱਤਾ ਦਾ ਤਾਜ ਹੈ, ਜੋ ਦਸਮੇਸ਼ ਪਿਤਾ ਸ੍ਰੀ ਗੁਰੂ ਗੋਬਿੰਦ ਸਿੰਘ ਜੀ ਨੇ ਖ਼ਾਲਸੇ ਨੂੰ ਬਖ਼ਸ਼ਿਸ਼ ਕੀਤੀ। ਇਹ ਦਿਹਾੜਾ ਵਿਸ਼ਵ ਭਰ ਵਿੱਚ ਦਸਤਾਰ ਦੀ ਪਵਿੱਤਰਤਾ ਅਤੇ ਮਹੱਤਤਾ ਪ੍ਰਤੀ ਜਾਗਰੂਕਤਾ ਫੈਲਾਉਣ ਲਈ ਸਮਰਪਿਤ ਹੈ।	World Sikh Dastar Day (International Turban Day) is observed annually on April 13, coinciding with Vaisakhi. It celebrates the Dastar (turban), the sacred crown of royalty, equality, self-respect, and spiritual sovereignty bestowed upon Sikhs by Sri Guru Gobind Singh Ji. The day aims to raise global awareness about the religious significance and sanctity of the Sikh turban.	अंतर्राष्ट्रीय दस्तार दिवस 13 अप्रैल (वैसाखी) को विश्व भर में मनाया जाता है। दस्तार सिख के स्वाभिमान, मर्यादा और आध्यात्मिक ताज का प्रतीक है, जिसे दशमेश पिता श्री गुरु गोबिंद सिंह जी ने खालसा को बख्शा था। यह दिन पगड़ी की पवित्रता और वैश्विक पहचान के प्रति जागरूकता लाने के लिए समर्पित है।
18	KHALSA_SAJNA_DIVAS		7	7	0	Khalsa	ਖ਼ਾਲਸਾ ਸਾਜਨਾ ਦਿਵਸ (ਵਿਸਾਖੀ)	Khalsa Sajna Divas (Vaisakhi)	खालसा साजना दिवस (वैसाखी)	ਖ਼ਾਲਸਾ ਸਾਜਨਾ ਦਿਵਸ (ਵਿਸਾਖੀ) 1699 ਈਸਵੀ ਵਿੱਚ ਤਖ਼ਤ ਸ੍ਰੀ ਕੇਸਗੜ੍ਹ ਸਾਹਿਬ (ਸ੍ਰੀ ਅਨੰਦਪੁਰ ਸਾਹਿਬ) ਵਿਖੇ ਦਸਮੇਸ਼ ਪਿਤਾ ਸ੍ਰੀ ਗੁਰੂ ਗੋਬਿੰਦ ਸਿੰਘ ਜੀ ਵੱਲੋਂ ਖ਼ਾਲਸਾ ਪੰਥ ਦੀ ਸਾਜਨਾ ਦਾ ਇਤਿਹਾਸਕ ਦਿਹਾੜਾ ਹੈ। ਗੁਰੂ ਸਾਹਿਬ ਨੇ ਸੀਸ ਦੀ ਮੰਗ ਕਰਕੇ ਪੰਜ ਪਿਆਰਿਆਂ ਨੂੰ ਖੰਡੇ ਬਾਟੇ ਦੀ ਪਾਹੁਲ (ਅੰਮ੍ਰਿਤ) ਛਕਾਈ, ਪੰਜ ਕਕਾਰ ਬਖ਼ਸ਼ੇ, ਜਾਤ-ਪਾਤ ਦੇ ਬੰਧਨ ਤੋੜੇ ਅਤੇ ਫਿਰ ਆਪ ਪੰਜ ਪਿਆਰਿਆਂ ਤੋਂ ਅੰਮ੍ਰਿਤ ਛਕ ਕੇ 'ਆਪੇ ਗੁਰ ਚੇਲਾ' ਦਾ ਅਦੁੱਤੀ ਕੌਤਕ ਰਚਿਆ।	Khalsa Sajna Divas (Vaisakhi) commemorates the historic day in 1699 at Takht Sri Kesgarh Sahib, Anandpur Sahib, when Sri Guru Gobind Singh Ji created the Khalsa Panth. Demanding five heads for Dharma, the Guru initiated the Panj Pyare with Khande Di Pahul (Amrit), introduced the Five Ks (Kakaars), abolished caste hierarchies, and transformed disciples into Saint-Soldiers, himself taking Amrit from the Panj Pyare: 'Waho Waho Gobind Singh Aape Gur Chela'.	खालसा साजना दिवस (वैसाखी) 1699 ईस्वी में तख्त श्री केसगढ़ साहिब (श्री आनंदपुर साहिब) में दशमेश पिता श्री गुरु गोबिंद सिंह जी द्वारा खालसा पंथ की स्थापना का पावन दिवस है। गुरु साहिब ने शीश की मांग कर पंच प्यारों को खंडे बाटे का अमृत छकाया, पांच ककार धारण करवाए और स्वयं पंच प्यारों से अमृत छककर 'आपे गुरु चेला' का अनुपम सिद्धांत स्थापित किया।
19	GURU_NANAK_DEV_BIRTH	GURU_NANAK_DEV	1	1	100	Guru_Nanak	ਪ੍ਰਕਾਸ਼ ਗੁਰਪੁਰਬ ਗੁਰੂ ਨਾਨਕ ਦੇਵ ਜੀ	Prakash Purab Guru Nanak Dev Ji	प्रकाश पुरब गुरु नानक देव जी	ਸਿੱਖ ਧਰਮ ਦੇ ਬਾਨੀ ਜਗਤ ਗੁਰੂ ਸ੍ਰੀ ਗੁਰੂ ਨਾਨਕ ਦੇਵ ਜੀ (1469-1539) ਦਾ ਪ੍ਰਕਾਸ਼ ਗੁਰਪੁਰਬ। ਆਪ ਜੀ ਦਾ ਪ੍ਰਕਾਸ਼ ਰਾਇ ਭੋਇ ਦੀ ਤਲਵੰਡੀ (ਸ੍ਰੀ ਨਨਕਾਣਾ ਸਾਹਿਬ, ਪਾਕਿਸਤਾਨ) ਵਿਖੇ ਪਿਤਾ ਮਹਿਤਾ ਕਾਲੂ ਜੀ ਅਤੇ ਮਾਤਾ ਤ੍ਰਿਪਤਾ ਜੀ ਦੇ ਗ੍ਰਹਿ ਹੋਇਆ। ਆਪ ਜੀ ਨੇ 'ਸਤਿਗੁਰ ਨਾਨਕ ਪ੍ਰਗਟਿਆ ਮਿਟੀ ਧੁੰਧੁ ਜਗਿ ਚਾਨਣੁ ਹੋਆ' ਦੇ ਮਹਾਂਵਾਕ ਅਨੁਸਾਰ ਸੰਸਾਰ ਵਿੱਚੋਂ ਅਗਿਆਨਤਾ ਦਾ ਹਨੇਰਾ ਦੂਰ ਕੀਤਾ, 'ਇੱਕ ਓਅੰਕਾਰ' ਦਾ ਹੋਕਾ ਦਿੱਤਾ ਅਤੇ ਨਾਮ ਜਪਣ, ਕਿਰਤ ਕਰਨ ਤੇ ਵੰਡ ਛਕਣ ਦਾ ਇਲਾਹੀ ਮਾਰਗ ਬਖ਼ਸ਼ਿਆ।	Prakash Purab of Sri Guru Nanak Dev Ji (1469–1539), the first Sikh Guru and founder of the Sikh faith. Born at Rai Bhoi Di Talwandi (Sri Nankana Sahib, Pakistan) to Mehta Kalu Ji and Mata Tripta Ji. Guru Ji dispelled spiritual ignorance with the divine light of Ik Onkar (One Universal Creator), championed women's rights and universal human dignity, traveled on four global Udasis to enlighten humanity, and revealed the path of Naam Japna, Kirat Karni, and Vand Chhakna.	सिख धर्म के संस्थापक एवं प्रथम गुरु श्री गुरु नानक देव जी (1469-1539) का प्रकाश गुरपुरब। आपका जन्म राय भोए दी तलवंडी (श्री ननकाना साहिब, पाकिस्तान) में पिता मेहता कालू जी और माता तृप्ता जी के घर हुआ। आपने 'इक ओंकार' का सत्य संदेश दिया, पाखंडों और सामाजिक कुरीतियों को मिटाया और 'नाम जपो, किरत करो, वंड छको' का सच्चा आध्यात्मिक मार्ग प्रशस्त किया।
20	GURU_ANGAD_DEV_BIRTH	GURU_ANGAD_DEV	1	1	90	Guru_Angad	ਪ੍ਰਕਾਸ਼ ਗੁਰਪੁਰਬ ਗੁਰੂ ਅੰਗਦ ਦੇਵ ਜੀ	Prakash Purab Guru Angad Dev Ji	प्रकाश पुरब गुरु अंगद देव जी	ਦੂਜੇ ਪਾਤਸ਼ਾਹ ਸ੍ਰੀ ਗੁਰੂ ਅੰਗਦ ਦੇਵ ਜੀ (1504-1552) ਦਾ ਪ੍ਰਕਾਸ਼ ਗੁਰਪੁਰਬ। ਆਪ ਜੀ ਦਾ ਜਨਮ ਮੱਤੇ ਦੀ ਸਰਾਏ (ਮੁਕਤਸਰ) ਵਿਖੇ ਭਾਈ ਲਹਿਣਾ ਜੀ ਵਜੋਂ ਹੋਇਆ। ਗੁਰੂ ਨਾਨਕ ਦੇਵ ਜੀ ਦੇ ਅਨਿੰਨ ਸੇਵਕ ਵਜੋਂ ਆਪ ਜੀ ਨੇ ਗੁਰਗੱਦੀ ਪ੍ਰਾਪਤ ਕੀਤੀ, ਗੁਰਮੁਖੀ ਲਿੱਪੀ ਨੂੰ ਪ੍ਰਮਾਣਿਕ ਸਰੂਪ ਦੇ ਕੇ ਪਾਠਸ਼ਾਲਾਵਾਂ ਖੋਲ੍ਹੀਆਂ ਅਤੇ ਨੌਜਵਾਨਾਂ ਦੀ ਸਰੀਰਕ ਤੰਦਰੁਸਤੀ ਲਈ ਮੱਲ ਅਖਾੜਿਆਂ ਦੀ ਸ਼ੁਰੂਆਤ ਕੀਤੀ।	Prakash Purab of Sri Guru Angad Dev Ji (1504–1552), the second Sikh Guru, born as Bhai Lehna Ji at Matte Di Sarai (Muktsar). Appointed by Guru Nanak Dev Ji as his successor at Kartarpur Sahib, he standardized and proliferated the sacred Gurmukhi script, promoted education and physical fitness through wrestling arenas (Mal Akharas), and compiled the Janamsakhis of Guru Nanak Dev Ji.	द्वितीय पातशाह श्री गुरु अंगद देव जी (1504-1552) का प्रकाश गुरपुरब। आपका जन्म मत्ते दी सराय (मुक्तसर) में भाई लहणा जी के रूप में हुआ। गुरु नानक देव जी की सेवा और आज्ञाकारिता के बल पर आपने गुरगद्दी प्राप्त की, गुरमुखी लिपि को व्यवस्थित किया, बच्चों की शिक्षा के लिए पाठशालाएं खोलीं और मल्ल अखाड़ों की स्थापना की।
21	BHAGAT_DHANNA_BIRTH	BHAGAT_DHANNA	1	2	70	Bhagat_Dhanna	ਪ੍ਰਕਾਸ਼ ਦਿਹਾੜਾ ਭਗਤ ਧੰਨਾ ਜੀ	Prakash Diwas Bhagat Dhanna Ji	जन्म दिवस भगत धन्ना जी	ਭਗਤ ਧੰਨਾ ਜੀ ਦਾ ਪ੍ਰਕਾਸ਼ ਦਿਹਾੜਾ, ਜਿਨ੍ਹਾਂ ਦਾ ਜਨਮ ਰਾਜਸਥਾਨ ਦੇ ਪਿੰਡ ਧੁਆਨ ਕਲਾਂ ਵਿੱਚ ਇੱਕ ਨਿਮਾਣੇ ਕਿਰਸਾਨ ਪਰਿਵਾਰ ਵਿੱਚ ਹੋਇਆ। ਆਪ ਜੀ ਦੀ ਭੋਲੀ-ਭਾਲੀ ਨਿਰਛਲ ਪ੍ਰੀਤ ਅਤੇ ਅਡੋਲ ਵਿਸ਼ਵਾਸ ਅੱਗੇ ਪ੍ਰਭੂ ਪ੍ਰਤੱਖ ਪ੍ਰਗਟ ਹੋਏ। ਸ੍ਰੀ ਗੁਰੂ ਗ੍ਰੰਥ ਸਾਹਿਬ ਜੀ ਵਿੱਚ ਆਪ ਜੀ ਦੇ 3 ਪਾਵਨ ਸ਼ਬਦ ਰਾਗੁ ਆਸਾ ਅਤੇ ਰਾਗੁ ਗੂਜਰੀ ਵਿੱਚ ਦਰਜ ਹਨ, ਜੋ ਸਿਖਾਉਂਦੇ ਹਨ ਕਿ ਪ੍ਰਮਾਤਮਾ ਕਰਮ-ਕਾਂਡਾਂ ਨਾਲ ਨਹੀਂ ਬਲਕਿ ਨਿਰਮਲ ਭਗਤੀ ਤੇ ਸੱਚੇ ਪ੍ਰੇਮ ਨਾਲ ਮਿਲਦਾ ਹੈ।	Prakash Diwas of Bhagat Dhanna Ji, a venerated 15th-century saint and farmer born at Dhuan Kalan in Rajasthan. Renowned for his childlike purity and unshakable devotional love, through which he manifested God in stone, three of his sacred Shabads are enshrined in Sri Guru Granth Sahib Ji across Raags Asa and Gujri, reminding humanity that the Divine is realized through innocence and pure devotion.	भगत धन्ना जी का प्रकाश दिवस, जिनका जन्म राजस्थान के धुंआ कलां गांव में एक साधारण किसान परिवार में हुआ। आपकी निश्चल भक्ति और अटूट विश्वास के कारण प्रभु स्वयं प्रकट हुए। श्री गुरु ग्रंथ साहिब जी में आपके 3 पावन पद राग आसा और राग गूजरी में दर्ज हैं, जो यह सिखाते हैं कि आडंबरों के बिना सच्ची और सरल भक्ति से ईश्वर की प्राप्ति संभव है।
22	BIRTH_BABA_FARID	BHAGAT_FARID	1	2	0	Bhagat_Farid	ਪ੍ਰਕਾਸ਼ ਦਿਹਾੜਾ ਬਾਬਾ ਫਰੀਦ ਜੀ	Prakash Diwas Bhagat Farid Ji	जन्म दिवस बाबा फरीद जी	ਪੰਜਾਬੀ ਸੂਫ਼ੀ ਕਾਵਿ ਦੇ ਪਿਤਾਮਾ ਬਾਬਾ ਸ਼ੇਖ਼ ਫ਼ਰੀਦ ਜੀ (1173-1266) ਦਾ ਪ੍ਰਕਾਸ਼ ਦਿਹਾੜਾ। ਸ੍ਰੀ ਗੁਰੂ ਗ੍ਰੰਥ ਸਾਹਿਬ ਜੀ ਵਿੱਚ ਬਾਬਾ ਫ਼ਰੀਦ ਜੀ ਦੇ 4 ਪਾਵਨ ਸ਼ਬਦ (ਰਾਗੁ ਆਸਾ ਤੇ ਸੂਹੀ) ਅਤੇ 112 ਸਲੋਕ ਦਰਜ ਹਨ। ਆਪ ਜੀ ਦੀ ਬਾਣੀ ਨਿਮਰਤਾ, ਮਿੱਠਤ, ਪ੍ਰਭੂ-ਪ੍ਰੇਮ, ਮੌਤ ਦੀ ਯਾਦ ਅਤੇ ਦੁਨਿਆਵੀ ਮਾਇਆ ਦੇ ਧੋਖੇ ਤੋਂ ਸੁਚੇਤ ਕਰਦਿਆਂ ਸਬਰ ਤੇ ਸੰਤੋਖ ਦਾ ਜੀਵਨ ਜਿਊਣ ਦੀ ਪ੍ਰੇਰਨਾ ਦਿੰਦੀ ਹੈ।	Prakash Diwas of Sheikh Fariduddin Masud Ganjshakar (Baba Farid Ji, 1173–1266), the preeminent Chishti Sufi saint and founding father of Punjabi spiritual poetry. Enshrined in Sri Guru Granth Sahib Ji are 4 Shabads and 112 profound Saloks (along with divine rejoinders by the Sikh Gurus), preaching pure love for the Divine, sweetness of speech ('Nivana Su Akhara'), humility, detachment from transient worldly wealth, and deep compassion for all creation.	पंजाबी सूफी काव्य के पितामह बाबा शेख फरीद जी (1173-1266) का प्रकाश दिवस। श्री गुरु ग्रंथ साहिब जी में बाबा फरीद जी के 4 पावन शब्द और 112 श्लोक सुशोभित हैं। आपकी पावन वाणी में विनम्रता, वाणी की मधुरता, प्रभु-प्रेम, संतोष और सांसारिक माया से विरक्ति का अमूल्य संदेश निहित है।
23	GURU_AMAR_DAS_BIRTH	GURU_AMAR_DAS	1	1	90	Guru_Amar_Das	ਪ੍ਰਕਾਸ਼ ਗੁਰਪੁਰਬ ਗੁਰੂ ਅਮਰ ਦਾਸ ਜੀ	Prakash Purab Guru Amar Das Ji	प्रकाश पुरब गुरु अमर दास जी	ਤੀਜੇ ਪਾਤਸ਼ਾਹ ਸ੍ਰੀ ਗੁਰੂ ਅਮਰਦਾਸ ਜੀ (1479-1574) ਦਾ ਪ੍ਰਕਾਸ਼ ਗੁਰਪੁਰਬ। ਆਪ ਜੀ ਦਾ ਜਨਮ ਬਾਸਰਕੇ ਗਿੱਲਾਂ (ਸ੍ਰੀ ਅੰਮ੍ਰਿਤਸਰ) ਵਿਖੇ ਬਾਬਾ ਤੇਜ ਭਾਨ ਜੀ ਅਤੇ ਮਾਤਾ ਬਖ਼ਤ ਕੌਰ (ਸੁਲੱਖਣੀ) ਜੀ ਦੇ ਗ੍ਰਹਿ ਹੋਇਆ। ਆਪ ਜੀ ਨੇ ਸ੍ਰੀ ਗੋਇੰਦਵਾਲ ਸਾਹਿਬ ਵਿਖੇ 84 ਪੌੜੀਆਂ ਵਾਲੀ ਪਵਿੱਤਰ ਬਾਉਲੀ ਸਾਹਿਬ ਬਣਵਾਈ, 22 ਮੰਜੀਆਂ ਸਥਾਪਿਤ ਕਰਕੇ ਧਰਮ ਪ੍ਰਚਾਰ ਦਾ ਵਿਸਥਾਰ ਕੀਤਾ, ਅੰਮ੍ਰਿਤਮਈ ਬਾਣੀ 'ਅਨੰਦੁ ਸਾਹਿਬ' ਦੀ ਰਚਨਾ ਕੀਤੀ ਅਤੇ ਸਤੀ ਪ੍ਰਥਾ ਤੇ ਪਰਦਾ ਪ੍ਰਥਾ ਦਾ ਜ਼ੋਰਦਾਰ ਖੰਡਨ ਕਰਕੇ ਇਸਤਰੀ ਜਾਤੀ ਨੂੰ ਉੱਚਾ ਦਰਜਾ ਦਿੱਤਾ।	Prakash Purab of Sri Guru Amar Das Ji (1479–1574), the third Sikh Guru. Born at Basarke Gillan (Amritsar) to Tej Bhan Ji and Mata Bakht Kaur Ji, he embraced Guruship at an advanced age after 12 years of devoted service to Guru Angad Dev Ji. He founded Goindval Sahib, constructed the 84-step sacred Baoli Sahib, instituted 22 Manjis for spiritual administration, composed the blissful hymn 'Anand Sahib', and championed the total emancipation of women by abolishing Sati and Purdah.	तीसरे पातशाह श्री गुरु अमरदास जी (1479-1574) का प्रकाश गुरपुरब। आपका जन्म बासरके गिल्लां (श्री अमृतसर) में बाबा तेज भान जी और माता बख्त कौर जी के घर हुआ। आपने श्री गोइंदवाल साहिब में 84 सीढ़ियों वाली पावन बाउली साहिब का निर्माण कराया, 22 मंजियों की स्थापना कर प्रचार का विस्तार किया, आनंद साहिब की रचना की और सती प्रथा तथा पर्दा प्रथा को समाप्त कर नारी को सम्मान दिया।
24	JORMELA_MUKTSAR_SHAHIDI		2	5	0	Battle_of_Muktsar	ਜੋੜ ਮੇਲਾ ਮੁਕਤਸਰ ਸਾਹਿਬ (ਸ਼ਹੀਦੀ)	Jor Mela Muktsar Sahib	जोड़ मेला मुक्तसर साहिब	ਜੋੜ ਮੇਲਾ ਸ੍ਰੀ ਮੁਕਤਸਰ ਸਾਹਿਬ 1705 ਈਸਵੀ ਵਿੱਚ ਖਿਦਰਾਣੇ ਦੀ ਢਾਬ ਵਿਖੇ ਹੋਏ ਧਰਮ ਯੁੱਧ ਦੀ ਯਾਦ ਦਿਵਾਉਂਦਾ ਹੈ, ਜਿੱਥੇ ਮਾਈ ਭਾਗੋ ਜੀ ਦੀ ਅਗਵਾਈ ਹੇਠ ਆਏ ਚਾਲੀ ਸਿੰਘਾਂ (ਚਾਲੀ ਮੁਕਤਿਆਂ) ਨੇ ਦਸਮੇਸ਼ ਪਿਤਾ ਸ੍ਰੀ ਗੁਰੂ ਗੋਬਿੰਦ ਸਿੰਘ ਜੀ ਦੀ ਰੱਖਿਆ ਕਰਦਿਆਂ ਮੁਗ਼ਲ ਫ਼ੌਜਾਂ ਦੇ ਦੰਦ ਖੱਟੇ ਕੀਤੇ ਅਤੇ ਸ਼ਹਾਦਤ ਪਾਈ। ਗੁਰੂ ਸਾਹਿਬ ਨੇ ਭਾਈ ਮਹਾਂ ਸਿੰਘ ਦੀ ਅੰਤਿਮ ਬੇਨਤੀ 'ਤੇ ਬੇਦਾਵਾ ਪਾੜ ਕੇ ਟੁੱਟੀ ਗੰਢੀ ਅਤੇ ਇਸ ਅਸਥਾਨ ਨੂੰ ਮੁਕਤਸਰ ਦਾ ਨਾਮ ਬਖ਼ਸ਼ਿਆ।	Jor Mela Muktsar Sahib commemorates the decisive Battle of Khidrana (Muktsar) in 1705, where the Forty Liberated Ones (Chaali Mukte), led by the heroic warrior Mata Bhago Ji, sacrificed their lives defending Sri Guru Gobind Singh Ji against pursuing Mughal forces. The Tenth Master tore up the disclaimer (Bedawa) of renunciation and blessed the martyrs as Mukte (Liberated), renaming Khidrana to Sri Muktsar Sahib.	जोड़ मेला श्री मुक्तसर साहिब 1705 ईस्वी में खिदराने की ढाब पर हुए ऐतिहासिक युद्ध का स्मरण कराता है, जहाँ वीरांगना माई भागो जी के नेतृत्व में चालीस सिखों (चालीस मुक्तों) ने श्री गुरु गोबिंद सिंह जी की रक्षा करते हुए मुगल सेना का सामना किया और वीरगति पाई। गुरु साहिब ने बेदावा फाड़कर टूटी प्रीति जोड़ी और इस स्थान को मुक्तसर (मुक्ति का सरोवर) का नाम दिया।
25	BIRTH_JASSA_SINGH_RAMGARHIA	SARDAR_JASSA_SINGH_RAMGARHIA	1	5	0	Jassa_Singh_Ramgarhia	ਜਨਮ ਦਿਹਾੜਾ ਸਰਦਾਰ ਜੱਸਾ ਸਿੰਘ ਰਾਮਗੜ੍ਹੀਆ	Prakash Diwas Sardar Jassa Singh Ramgarhia	जन्म दिवस सरदार जस्सा सिंह रामगढ़िया	ਮਹਾਨ ਸਿੱਖ ਯੋਧੇ ਅਤੇ ਰਾਮਗੜ੍ਹੀਆ ਮਿਸਲ ਦੇ ਮੁਖੀ ਸਰਦਾਰ ਜੱਸਾ ਸਿੰਘ ਰਾਮਗੜ੍ਹੀਆ (1723-1803) ਦਾ ਪ੍ਰਕਾਸ਼ ਦਿਹਾੜਾ। ਆਪ ਜੀ ਨੇ ਸ੍ਰੀ ਅੰਮ੍ਰਿਤਸਰ ਦੀ ਰੱਖਿਆ ਲਈ ਰਾਮ ਰੌਣੀ (ਰਾਮਗੜ੍ਹ) ਕਿਲ੍ਹੇ ਦੀ ਉਸਾਰੀ ਕੀਤੀ। ਅਹਿਮਦ ਸ਼ਾਹ ਅਬਦਾਲੀ ਦੇ ਪੰਜੇ ਵਿੱਚੋਂ ਹਜ਼ਾਰਾਂ ਬੰਦੀ ਬਣਾਈਆਂ ਹਿੰਦੂ ਬਹੂ-ਬੇਟੀਆਂ ਨੂੰ ਛੁਡਵਾ ਕੇ ਘਰੋ-ਘਰੀ ਪਹੁੰਚਾਇਆ ਅਤੇ 1783 ਵਿੱਚ ਦਿੱਲੀ ਫ਼ਤਹਿ ਕਰਕੇ ਮੁਗ਼ਲ ਤਖ਼ਤ ਦੀ ਪੱਥਰ ਦੀ ਸ਼ਿਲਾ ਲਾਲ ਕਿਲ੍ਹੇ ਤੋਂ ਲਿਆ ਕੇ ਸ੍ਰੀ ਅੰਮ੍ਰਿਤਸਰ ਵਿਖੇ ਸਥਾਪਿਤ ਕੀਤੀ।	Prakash Diwas of Sardar Jassa Singh Ramgarhia (1723–1803), the illustrious Sikh warrior, master strategist, and founder of the Ramgarhia Misl. He fortified Sri Harmandir Sahib by constructing the Ram Rauni fort (later Ramgarh), liberated thousands of Hindu women enslaved by Ahmed Shah Abdali, and famously captured Delhi alongside Sardar Baghel Singh and Sardar Jassa Singh Ahluwalia in 1783, bringing back the royal Mughal coronation marble slab (Takht-e-Taus pedestal) to Sri Amritsar.	महान सिख योद्धा और रामगढ़िया मिसल के संस्थापक सरदार जस्सा सिंह रामगढ़िया (1723-1803) का प्रकाश दिवस। आपने श्री अमृतसर की सुरक्षा के लिए रामरौणी (रामगढ़) किले का निर्माण किया, अहमद शाह अब्दाली के चंगुल से हजारों निर्दोष महिलाओं को मुक्त कराया और 1783 में दिल्ली जीतकर लाल किले से मुगल तख्त की संगमरमर की शिला लाकर अमृतसर में स्थापित की।
26	HIST_SIRHIND_FATEH_BANDA		7	7	0	Banda_Singh_Bahadur	ਸਰਹਿੰਦ ਫ਼ਤਹਿ ਦਿਵਸ (ਬਾਬਾ ਬੰਦਾ ਸਿੰਘ ਬਹਾਦਰ)	Sirhind Fateh Diwas (Baba Banda Singh Bahadur)	सरहिंद फतेह दिवस (बाबा बंदा सिंह बहादुर)	ਸਰਹਿੰਦ ਫ਼ਤਹਿ ਦਿਵਸ 12 ਮਈ 1710 ਨੂੰ ਚੱਪੜਚਿੜੀ ਦੇ ਮੈਦਾਨ ਵਿੱਚ ਬਾਬਾ ਬੰਦਾ ਸਿੰਘ ਜੀ ਬਹਾਦਰ ਦੀ ਕਮਾਂਡ ਹੇਠ ਖ਼ਾਲਸਾ ਫ਼ੌਜਾਂ ਵੱਲੋਂ ਸਰਹਿੰਦ ਦੇ ਜ਼ਾਲਮ ਸੂਬੇਦਾਰ ਵਜ਼ੀਰ ਖ਼ਾਨ (ਛੋਟੇ ਸਾਹਿਬਜ਼ਾਦਿਆਂ ਦੇ ਕਾਤਲ) ਨੂੰ ਕੀਤੇ ਦੀ ਸਜ਼ਾ ਦੇ ਕੇ ਸਰਹਿੰਦ ਫ਼ਤਹਿ ਕਰਨ ਦਾ ਇਤਿਹਾਸਕ ਦਿਨ ਹੈ। ਇਸ ਮਹਾਨ ਜਿੱਤ ਨਾਲ ਪਹਿਲੇ ਖ਼ਾਲਸਾ ਰਾਜ ਦੀ ਨੀਂਹ ਰੱਖੀ ਗਈ, ਲੋਹਗੜ੍ਹ (ਮੁਖ਼ਲਿਸਗੜ੍ਹ) ਨੂੰ ਰਾਜਧਾਨੀ ਬਣਾਇਆ ਗਿਆ, ਗੁਰੂ ਸਾਹਿਬਾਨ ਦੇ ਨਾਮ 'ਤੇ ਸਿੱਕੇ ਜਾਰੀ ਕੀਤੇ ਗਏ ਅਤੇ ਜ਼ਿਮੀਂਦਾਰਾ ਪ੍ਰਥਾ ਖ਼ਤਮ ਕਰਕੇ ਹਲਵਾਹਕ ਕਿਸਾਨਾਂ ਨੂੰ ਜ਼ਮੀਨਾਂ ਦੇ ਮਾਲਕ ਬਣਾਇਆ ਗਿਆ।	Sirhind Fateh Diwas commemorates the historic victory of the Khalsa army on May 12, 1710 at the Battle of Chappar Chiri under the legendary leadership of Baba Banda Singh Bahadur. The Khalsa punished the tyrannical Mughal Subahdar Wazir Khan for brutally bricking alive the younger Sahibzadas (Baba Zorawar Singh and Baba Fateh Singh) and established the first sovereign Sikh state with its capital at Mukhlisgarh (Lohgarh), striking coins in the names of Sri Guru Nanak Dev Ji and Sri Guru Gobind Singh Ji, and abolishing the feudal Zamindari system to empower peasant farmers.	सरहिंद फतेह दिवस 12 मई 1710 को चप्पड़चिड़ी के युद्ध में बाबा बंदा सिंह बहादुर के नेतृत्व में खालसा सेना द्वारा छोटे साहिबजादों के हत्यारे जालिम सूबेदार वजीर खान को दंडित कर सरहिंद विजय का ऐतिहासिक दिवस है। इस विजय के साथ पहले सिख राज्य की स्थापना हुई, लौहगढ़ को राजधानी बनाया गया, गुरु साहिबान के नाम के सिक्के जारी किए गए और जमींदारी प्रथा समाप्त कर किसानों को भूमि का मालिकाना हक दिया गया।
27	GURU_HARGOBIND_BIRTH	GURU_HARGOBIND	1	1	90	Guru_Har_Gobind	ਪ੍ਰਕਾਸ਼ ਗੁਰਪੁਰਬ ਗੁਰੂ ਹਰਿਗੋਬਿੰਦ ਜੀ	Prakash Purab Guru Hargobind Ji	प्रकाश पुरब गुरु हरिगोबिंद जी	ਛੇਵੇਂ ਪਾਤਸ਼ਾਹ ਮੀਰੀ-ਪੀਰੀ ਦੇ ਮਾਲਕ ਸ੍ਰੀ ਗੁਰੂ ਹਰਿਗੋਬਿੰਦ ਸਾਹਿਬ ਜੀ (1595-1644) ਦਾ ਪ੍ਰਕਾਸ਼ ਗੁਰਪੁਰਬ। ਆਪ ਜੀ ਦਾ ਪ੍ਰਕਾਸ਼ ਗੁਰੂ ਕੀ ਵਡਾਲੀ (ਸ੍ਰੀ ਅੰਮ੍ਰਿਤਸਰ) ਵਿਖੇ ਪੰਚਮ ਪਾਤਸ਼ਾਹ ਸ੍ਰੀ ਗੁਰੂ ਅਰਜਨ ਦੇਵ ਜੀ ਅਤੇ ਮਾਤਾ ਗੰਗਾ ਜੀ ਦੇ ਗ੍ਰਹਿ ਹੋਇਆ। ਆਪ ਜੀ ਨੇ ਮੀਰੀ ਤੇ ਪੀਰੀ ਦੀਆਂ ਦੋ ਤਲਵਾਰਾਂ ਧਾਰਨ ਕੀਤੀਆਂ, ਸ੍ਰੀ ਅਕਾਲ ਤਖ਼ਤ ਸਾਹਿਬ ਦੀ ਸਿਰਜਣਾ ਕੀਤੀ, ਸਿੱਖਾਂ ਨੂੰ ਸ਼ਸਤਰਧਾਰੀ ਸੰਤ-ਸਿਪਾਹੀ ਬਣਾਇਆ ਅਤੇ ਮੁਗ਼ਲਾਂ ਵਿਰੁੱਧ ਚਾਰ ਧਰਮ ਯੁੱਧ ਲੜ ਕੇ ਅਦੁੱਤੀ ਜਿੱਤਾਂ ਪ੍ਰਾਪਤ ਕੀਤੀਆਂ।	Prakash Purab of the Sixth Master, Sri Guru Hargobind Sahib Ji (1595–1644), born at Guru Ki Vadali (Amritsar) to Guru Arjan Dev Ji and Mata Ganga Ji. In response to the martyrdom of Guru Arjan Dev Ji, he donned two swords of Miri (temporal power) and Piri (spiritual authority), constructed the supreme seat of Sikh temporal authority Sri Akal Takht Sahib, trained the Sikhs in martial arts and warfare, and successfully defended the Panth in four major battles against Mughal tyranny.	छठे पातशाह मीरी-पीरी के मालिक श्री गुरु हरगोविंद साहिब जी (1595-1644) का प्रकाश गुरपुरब। आपका जन्म गुरु की वडाली (श्री अमृतसर) में पंचम पातशाह श्री गुरु अर्जन देव जी और माता गंगा जी के घर हुआ। आपने मीरी और पीरी की दो तलवारें धारण कीं, श्री अकाल तख्त साहिब का सृजन किया, सिखों को संत-सिपाही बनाकर सैन्य रूप से सुदृढ़ किया और मुगलों के विरुद्ध चार प्रमुख युद्धों में विजय प्राप्त की।
28	CHHOTA_GHALLUGHARA		7	7	0	Chhota_Ghallughara	ਛੋਟਾ ਘੱਲੂਘਾਰਾ (੧੭੪੬ ਈ:)	Chhota Ghallughara (1746 CE)	छोटा घल्लूघारा (1746 ई.)	ਛੋਟਾ ਘੱਲੂਘਾਰਾ ਮਈ 1746 ਈਸਵੀ ਵਿੱਚ ਕਾਹਨੂੰਵਾਨ ਦੇ ਛੰਭ (ਗੁਰਦਾਸਪੁਰ) ਵਿਖੇ ਵਾਪਰਿਆ ਖ਼ੂਨੀ ਸਾਕਾ ਹੈ। ਲਾਹੌਰ ਦੇ ਗਵਰਨਰ ਯਹੀਆ ਖ਼ਾਨ ਅਤੇ ਦੀਵਾਨ ਲਖਪਤ ਰਾਏ ਦੀਆਂ ਸ਼ਾਹੀ ਫ਼ੌਜਾਂ ਨੇ ਸਿੱਖ ਕੌਮ ਦੇ ਖੁਰਾ-ਖੋਜ ਮਿਟਾਉਣ ਲਈ 15,000 ਸਿੰਘਾਂ ਨੂੰ ਘੇਰ ਲਿਆ। ਸਿੰਘਾਂ ਨੇ ਬੇਮਿਸਾਲ ਬਹਾਦਰੀ ਨਾਲ ਘੇਰਾ ਤੋੜਦਿਆਂ ਲੜਾਈ ਲੜੀ। ਇਸ ਘੱਲੂਘਾਰੇ ਵਿੱਚ 7,000 ਤੋਂ ਵੱਧ ਸਿੰਘ ਸ਼ਹੀਦ ਹੋਏ, ਪਰ ਖ਼ਾਲਸੇ ਨੇ ਜ਼ੁਲਮ ਅੱਗੇ ਝੁਕਣ ਦੀ ਥਾਂ ਚੜ੍ਹਦੀ ਕਲਾ ਦਾ ਸਬੂਤ ਦਿੱਤਾ।	Chhota Ghallughara (Minor Holocaust) occurred in May 1746 at Kahnuwan Chamb (Gurdaspur). The combined forces of the Mughal governor of Lahore Yahiya Khan and his diwan Lakhpat Rai surrounded approximately 15,000 Sikhs, seeking complete annihilation of the Sikh community following the death of Lakhpat's brother Jaspat Rai. Over 7,000 valiant Sikhs attained martyrdom while cutting through the encirclement across the Ravi and crossing the burning desert sands toward the Shivalik hills, demonstrating unyielding resilience under persecution.	छोटा घल्लूघारा मई 1746 ईस्वी में काहनूवान के छंभ (गुरदासपुर) में घटित हुआ नरसंहार था। लाहौर के गवर्नर याहिया खान और दीवान लखपत राय की विशाल शाही सेना ने लगभग 15,000 सिखों को घेर लिया। 7,000 से अधिक सिखों ने घिराव तोड़ते हुए वीरगति पाई, लेकिन मुगलों के अत्याचारों के बावजूद खालसा पंथ अडिग और चढ़दी कला में रहा।
29	BIRTH_JASSA_SINGH_AHLUWALIA	SARDAR_JASSA_SINGH_AHLUWALIA	1	5	0	Jassa_Singh_Ahluwalia	ਜਨਮ ਦਿਹਾੜਾ ਸੁਲਤਾਨ-ਉਲ-ਕੌਮ ਸਰਦਾਰ ਜੱਸਾ ਸਿੰਘ ਆਹਲੂਵਾਲੀਆ	Prakash Diwas Sardar Jassa Singh Ahluwalia	जन्म दिवस सरदार जस्सा सिंह आहलूवालिया	ਸੁਲਤਾਨ-ਉਲ-ਕੌਮ ਸਰਦਾਰ ਜੱਸਾ ਸਿੰਘ ਆਹਲੂਵਾਲੀਆ (1718-1783), ਦਲ ਖ਼ਾਲਸਾ ਦੇ ਸਰਬਉੱਚ ਜਰਨੈਲ ਅਤੇ ਆਹਲੂਵਾਲੀਆ ਮਿਸਲ ਦੇ ਬਾਨੀ ਦਾ ਪ੍ਰਕਾਸ਼ ਦਿਹਾੜਾ। ਮਾਤਾ ਸੁੰਦਰੀ ਜੀ ਦੀ ਛਤਰ-ਛਾਇਆ ਹੇਠ ਦਿੱਲੀ ਪਲੇ ਅਤੇ ਨਵਾਬ ਕਪੂਰ ਸਿੰਘ ਤੋਂ ਥਾਪੜਾ ਪ੍ਰਾਪਤ ਜੱਸਾ ਸਿੰਘ ਨੇ ਛੋਟੇ ਤੇ ਵੱਡੇ ਘੱਲੂਘਾਰੇ ਦੌਰਾਨ ਕੌਮ ਦੀ ਅਗਵਾਈ ਕੀਤੀ, ਅਹਿਮਦ ਸ਼ਾਹ ਅਬਦਾਲੀ ਦੇ ਦੰਦ ਖੱਟੇ ਕੀਤੇ, ਹਜ਼ਾਰਾਂ ਬੰਦੀ ਬਣਾਈਆਂ ਧੀਆਂ-ਭੈਣਾਂ ਨੂੰ ਮੁਕਤ ਕਰਵਾਇਆ, ਸ੍ਰੀ ਹਰਿਮੰਦਰ ਸਾਹਿਬ ਦੀ ਮੁੜ ਉਸਾਰੀ ਕਰਵਾਈ ਅਤੇ ਲਾਹੌਰ ਤੇ ਦਿੱਲੀ 'ਤੇ ਖ਼ਾਲਸਾਈ ਪਰਚਮ ਲਹਿਰਾਇਆ।	Prakash Diwas of Sultan-ul-Qaum Sardar Jassa Singh Ahluwalia (1718–1783), supreme commander of the Dal Khalsa and founder of the Ahluwalia Misl. Raised under the loving care of Mata Sundri Ji in Delhi and mentored by Nawab Kapur Singh, he led the Khalsa through both the Chhota and Vaddha Ghallugharas, defeated Ahmed Shah Abdali's forces repeatedly, liberated thousands of captured Indian women, reconstructed Sri Harmandir Sahib, and captured Lahore (1761) and Delhi (1783), being acclaimed by the Panth as Sultan-ul-Qaum (King of the Nation).	सुल्तान-उल-कौम सरदार जस्सा सिंह आहलूवालिया (1718-1783), दल खालसा के सर्वोच्च सेनापति और आहलूवालिया मिसल के संस्थापक का प्रकाश दिवस। माता सुंदरी जी की छत्रछाया और नवाब कपूर सिंह के मार्गदर्शन में तैयार हुए सरदार जस्सा सिंह ने दोनों घल्लूघारों में कौम का नेतृत्व किया, अहमद शाह अब्दाली को पराजित किया, हजारों बंदियों को छुड़ाया और लाहौर व दिल्ली पर विजय प्राप्त कर खालसाई परचम फहराया।
30	GURU_HARGOBIND_THRONE	GURU_HARGOBIND	3	1	85	Guru_Har_Gobind	ਗੁਰਗੱਦੀ ਦਿਵਸ ਗੁਰੂ ਹਰਿਗੋਬਿੰਦ ਜੀ	Gurgaddi Diwas Guru Hargobind Ji	गुरगद्दी दिवस गुरु हरिगोबिंद जी	ਛੇਵੇਂ ਪਾਤਸ਼ਾਹ ਸ੍ਰੀ ਗੁਰੂ ਹਰਿਗੋਬਿੰਦ ਸਾਹਿਬ ਜੀ ਦਾ ਪਾਵਨ ਗੁਰਗੱਦੀ ਦਿਵਸ (1606)। ਪੰਚਮ ਪਾਤਸ਼ਾਹ ਸ੍ਰੀ ਗੁਰੂ ਅਰਜਨ ਦੇਵ ਜੀ ਦੀ ਸ਼ਹਾਦਤ ਉਪਰੰਤ 11 ਸਾਲ ਦੀ ਉਮਰ ਵਿੱਚ ਆਪ ਜੀ ਨੇ ਸ੍ਰੀ ਅੰਮ੍ਰਿਤਸਰ ਵਿਖੇ ਗੁਰਗੱਦੀ ਸੰਭਾਲੀ। ਬਾਬਾ ਬੁੱਢਾ ਜੀ ਪਾਸੋਂ ਆਪ ਜੀ ਨੇ ਸੇਲ੍ਹੀ ਟੋਪੀ ਦੀ ਥਾਂ ਦੋ ਤਲਵਾਰਾਂ ਧਾਰਨ ਕੀਤੀਆਂ—ਇੱਕ ਮੀਰੀ (ਦੁਨਿਆਵੀ ਪ੍ਰਭੂਸੱਤਾ) ਦੀ ਅਤੇ ਦੂਜੀ ਪੀਰੀ (ਰੂਹਾਨੀਅਤ) ਦੀ—ਅਤੇ ਸਿੱਖਾਂ ਨੂੰ ਸ਼ਸਤਰਧਾਰੀ ਹੋਣ ਦਾ ਹੁਕਮਨਾਮਾ ਭੇਜਿਆ।	Gurgaddi Diwas of the Sixth Master, Sri Guru Hargobind Sahib Ji (1606). Following the supreme martyrdom of his father Sri Guru Arjan Dev Ji on the orders of Mughal Emperor Jahangir, the eleven-year-old Guru ascended the throne of Guruship at Sri Amritsar. He declared that the Panth would now defend righteousness with arms, requesting Bhai Gurdas Ji and Baba Budha Ji to adorn him with two swords—one of Miri (sovereignty/temporal duty) and one of Piri (spiritual authority).	छठे पातशाह श्री गुरु हरगोविंद साहिब जी का पावन गुरगद्दी दिवस (1606)। पंचम पातशाह श्री गुरु अर्जन देव जी की शहादत के उपरांत 11 वर्ष की आयु में आपने अमृतसर में गुरगद्दी संभाली। आपने बाबा बुड्ढा जी से सेहली-टोपी के स्थान पर दो तलवारें धारण कीं—एक मीरी (सांसारिक शक्ति) और दूसरी पीरी (आध्यात्मिक शक्ति)—और सिखों को शस्त्र धारण करने तथा धर्म की रक्षा का आदेश दिया।
31	SHAHIDI_SAKA_PAONTA_SAHIB		2	5	0	Paonta_Sahib	ਸ਼ਹੀਦੀ ਸਾਕਾ ਪਾਉਂਟਾ ਸਾਹਿਬ	Shaheedi Saka Paonta Sahib	शहीदी साका पांवटा साहिब	ਸਾਕਾ ਪਾਉਂਟਾ ਸਾਹਿਬ 22 ਮਈ 1964 ਨੂੰ ਗੁਰਦੁਆਰਾ ਸ੍ਰੀ ਪਾਉਂਟਾ ਸਾਹਿਬ (ਹਿਮਾਚਲ ਪ੍ਰਦੇਸ਼) ਵਿਖੇ ਵਾਪਰਿਆ ਖ਼ੂਨੀ ਸਾਕਾ ਹੈ, ਜਿੱਥੇ ਗੁਰਦੁਆਰਾ ਸਾਹਿਬ ਦੇ ਪ੍ਰਬੰਧ ਅਤੇ ਪਵਿੱਤਰਤਾ ਦੀ ਰਾਖੀ ਕਰਦਿਆਂ ਪੁਲਿਸ ਵੱਲੋਂ ਚਲਾਈਆਂ ਅੰਨ੍ਹੇਵਾਹ ਗੋਲੀਆਂ ਨਾਲ ਦਰਬਾਰ ਸਾਹਿਬ ਦੇ ਅੰਦਰ 8 ਨਿਹੰਗ ਸਿੰਘ ਸ਼ਹੀਦ ਹੋ ਗਏ ਸਨ। ਇਹ ਦਿਹਾੜਾ ਗੁਰਧਾਮਾਂ ਦੀ ਮਰਯਾਦਾ ਲਈ ਦਿੱਤੀਆਂ ਸ਼ਹਾਦਤਾਂ ਦੀ ਯਾਦ ਦਿਵਾਉਂਦਾ ਹੈ।	Shaheedi Saka Paonta Sahib commemorates the supreme sacrifice of eight Nihang Singhs on May 22, 1964 at Gurdwara Sri Paonta Sahib (Himachal Pradesh). When government police and local authorities attempted to forcibly dislodge the Nihang Singhs from the historic Gurdwara, unprovoked gunfire was opened upon unarmed devotees inside the sanctum sanctorum, resulting in eight Singhs laying down their lives to protect the sanctity and dignity of the holy shrine.	साका पोंटा साहिब 22 मई 1964 को गुरुद्वारा श्री पोंटा साहिब (हिमाचल प्रदेश) में घटित दुखद घटना का स्मरण दिवस है, जहाँ गुरुद्वारे की पवित्रता और मर्यादा की रक्षा करते हुए पुलिस की गोलीबारी में 8 निहंग सिंह शहीद हो गए थे। यह दिन गुरुधामों की सेवा और मर्यादा के लिए प्राण न्यौछावर करने वाले शहीदों को समर्पित है।
32	GURU_ARJAN_DEV_MARTYRDOM	GURU_ARJAN_DEV	2	1	90	Martyrdom_of_Guru_Arjan	ਸ਼ਹੀਦੀ ਦਿਹਾੜਾ ਗੁਰੂ ਅਰਜਨ ਦੇਵ ਜੀ	Shaheedi Diwas Guru Arjan Dev Ji	शहीदी दिवस गुरु अर्जन देव जी	ਸ਼ਹੀਦਾਂ ਦੇ ਸਿਰਤਾਜ ਪੰਚਮ ਪਾਤਸ਼ਾਹ ਸ੍ਰੀ ਗੁਰੂ ਅਰਜਨ ਦੇਵ ਜੀ ਦਾ ਸ਼ਹੀਦੀ ਦਿਹਾੜਾ (1606 ਈ.)। ਮੁਗ਼ਲ ਬਾਦਸ਼ਾਹ ਜਹਾਂਗੀਰ ਦੇ ਹੁਕਮਾਂ ਤਹਿਤ ਲਾਹੌਰ ਵਿਖੇ ਆਪ ਜੀ ਨੂੰ ਅਕਹਿ ਤੇ ਅਸਹਿ ਤਸੀਹੇ ਦਿੱਤੇ ਗਏ—ਤੱਤੀ ਤਵੀ 'ਤੇ ਬਿਠਾਇਆ ਗਿਆ, ਸੀਸ 'ਤੇ ਤੱਤੀ ਰੇਤ ਪਾਈ ਗਈ ਅਤੇ ਉਬਲਦੀ ਦੇਗ਼ ਵਿੱਚ ਬਿਠਾਇਆ ਗਿਆ। ਆਪ ਜੀ ਨੇ ਪ੍ਰਭੂ ਰਜ਼ਾ ਵਿੱਚ ਅਡੋਲ ਰਹਿੰਦਿਆਂ 'ਤੇਰਾ ਭਾਣਾ ਮੀਠਾ ਲਾਗੈ॥ ਹਰਿ ਨਾਮੁ ਪਦਾਰਥੁ ਨਾਨਕੁ ਮਾਂਗੈ' ਦਾ ਉਚਾਰਨ ਕੀਤਾ ਅਤੇ ਰਾਵੀ ਦਰਿਆ ਵਿੱਚ ਇਸ਼ਨਾਨ ਕਰਕੇ ਸੱਚਖੰਡ ਜਾ ਬਿਰਾਜੇ, ਜਿਸ ਨਾਲ ਸਿੱਖ ਕੌਮ ਵਿੱਚ ਸ਼ਹਾਦਤ ਦੀ ਨੀਂਹ ਰੱਖੀ ਗਈ।	Shaheedi Diwas of the Fifth Master, Sri Guru Arjan Dev Ji (1563–1606), the first martyr of the Sikh faith. Arrested under the orders of Mughal Emperor Jahangir for refusing to alter Sri Guru Granth Sahib Ji or convert to Islam, Guru Ji was subjected to unbearable physical tortures at Lahore: seated on a red-hot iron plate, having burning hot sand poured over his head, and boiled in a cauldron of scalding water. Bearing every agony with unbroken peace and reciting 'Tera Bhana Meetha Lage', Guru Ji took a holy dip in the Ravi River and merged into the Divine Light, laying the immortal cornerstone of Sikh martyrdom.	शहीदों के सिरमौर पंचम पातशाह श्री गुरु अर्जन देव जी का शहीदी दिवस (1606 ईस्वी)। मुगल बादशाह जहांगीर के आदेश पर लाहौर में आपको भीषण यातनाएं दी गईं—तपती लोहे की तवी पर बिठाया गया, शीश पर खौलती रेत डाली गई और उबलते पानी के देग में बिठाया गया। आपने शांत चित्त से 'तेरा भाणा मीठा लागै' का उच्चारण करते हुए प्रभु इच्छा को शिरोधार्य किया और रावी नदी में स्नान कर परम ज्योति में लीन होकर सिख इतिहास में शहादत की अमर मिसाल कायम की।
33	BIRTH_SANT_JARNAIL_BHINDRANWALE		1	5	0	Jarnail_Singh_Bhindranwale	ਜਨਮ ਦਿਹਾੜਾ ਸੰਤ ਜਰਨੈਲ ਸਿੰਘ ਜੀ ਖ਼ਾਲਸਾ ਭਿੰਡਰਾਂਵਾਲੇ	Birth of Sant Jarnail Singh Bhindranwale	जन्म दिवस संत जरनैल सिंह भिंडरावाले	ਦਮਦਮੀ ਟਕਸਾਲ ਦੇ 14ਵੇਂ ਮੁਖੀ ਸੰਤ ਗਿਆਨੀ ਜਰਨੈਲ ਸਿੰਘ ਜੀ ਖ਼ਾਲਸਾ ਭਿੰਡਰਾਂਵਾਲੇ (1947-1984) ਦਾ ਜਨਮ ਦਿਹਾੜਾ। ਪਿੰਡ ਰੋਡੇ (ਫ਼ਰੀਦਕੋਟ) ਵਿਖੇ ਜਨਮੇ ਸੰਤ ਭਿੰਡਰਾਂਵਾਲਿਆਂ ਨੇ ਪੰਜਾਬ ਭਰ ਵਿੱਚ ਗੁਰਮਤਿ ਪ੍ਰਚਾਰ ਦੀ ਜ਼ਬਰਦਸਤ ਲਹਿਰ ਚਲਾਈ, ਲੱਖਾਂ ਨੌਜਵਾਨਾਂ ਨੂੰ ਅੰਮ੍ਰਿਤ ਛਕਾ ਕੇ ਕੇਸਾਧਾਰੀ ਬਣਾਇਆ, ਨਸ਼ਿਆਂ ਵਿਰੁੱਧ ਲਾਮਬੰਦੀ ਕੀਤੀ ਅਤੇ ਅਨੰਦਪੁਰ ਸਾਹਿਬ ਦੇ ਮਤੇ ਤਹਿਤ ਸਿੱਖ ਹੱਕਾਂ ਦੀ ਰਾਖੀ ਲਈ ਡਟ ਕੇ ਆਵਾਜ਼ ਬੁਲੰਦ ਕੀਤੀ।	Birth anniversary of Sant Jarnail Singh Ji Khalsa Bhindranwale (1947–1984), the 14th head of Damdami Taksal. Born in village Rode (Faridkot), he spearheaded a historic Gurmat revival movement across Punjab, administering Amrit to hundreds of thousands of youth and preaching steadfast adherence to the Sikh Rehat Maryada, abstinence from drugs, and unwavering defense of Sikh political, economic, and religious rights under the Anandpur Sahib Resolution.	दमदमी टकसाल के 14वें मुखी संत ज्ञानी जरनैल सिंह जी खालसा भिंडरावाले (1947-1984) का जन्म दिवस। गांव रोडे (फरीदकोट) में जन्मे संत भिंडरावाले ने पंजाब में गुरमत प्रचार की प्रचंड लहर चलाई, लाखों युवाओं को अमृत छकाकर नशों से मुक्त किया और आनंदपुर साहिब प्रस्ताव के तहत सिख अधिकारों की रक्षा के लिए संघर्ष का नेतृत्व किया।
34	GHALLUGHARA_1984		7	7	0	Operation_Blue_Star	ਘੱਲੂਘਾਰਾ ਜੂਨ ੧੯੮੪ (ਸਾਕਾ ਨੀਲਾ ਤਾਰਾ)	Ghallughara June 1984 (Operation Blue Star)	घल्लूघारा जून 1984	ਘੱਲੂਘਾਰਾ ਜੂਨ 1984 ਸਿੱਖ ਇਤਿਹਾਸ ਦਾ ਉਹ ਦਰਦਨਾਕ ਸਾਕਾ ਹੈ ਜਦੋਂ ਭਾਰਤੀ ਫ਼ੌਜ ਨੇ ਸ੍ਰੀ ਗੁਰੂ ਅਰਜਨ ਦੇਵ ਜੀ ਦੇ ਸ਼ਹੀਦੀ ਪੁਰਬ ਮੌਕੇ ਸ੍ਰੀ ਹਰਿਮੰਦਰ ਸਾਹਿਬ ਅਤੇ ਸ੍ਰੀ ਅਕਾਲ ਤਖ਼ਤ ਸਾਹਿਬ 'ਤੇ ਟੈਂਕਾਂ-ਤੋਪਾਂ ਨਾਲ ਹਮਲਾ ਕੀਤਾ ('ਆਪ੍ਰੇਸ਼ਨ ਬਲੂ ਸਟਾਰ')। ਇਸ ਹਮਲੇ ਵਿੱਚ ਸ੍ਰੀ ਅਕਾਲ ਤਖ਼ਤ ਸਾਹਿਬ ਢਹਿ-ਢੇਰੀ ਹੋ ਗਿਆ, ਸਿੱਖ ਰੈਫ਼ਰੈਂਸ ਲਾਇਬ੍ਰੇਰੀ ਦੇ ਅਨਮੋਲ ਹੱਥ-ਲਿਖਤ ਖਰੜੇ ਸੜ ਕੇ ਸੁਆਹ ਹੋ ਗਏ ਅਤੇ ਹਜ਼ਾਰਾਂ ਬੇਗੁਨਾਹ ਸ਼ਰਧਾਲੂਆਂ, ਔਰਤਾਂ, ਬੱਚਿਆਂ ਅਤੇ ਜੁਝਾਰੂ ਸਿੰਘਾਂ ਨੇ ਸ਼ਹਾਦਤਾਂ ਪਾਈਆਂ।	Ghallughara June 1984 commemorates the tragic Indian Army military assault codenamed 'Operation Blue Star' launched against Sri Harmandir Sahib and Sri Akal Takht Sahib on the sacred martyrdom day of Sri Guru Arjan Dev Ji. Using heavy artillery and battle tanks, the temporal seat Sri Akal Takht Sahib was destroyed, the Sikh Reference Library holding invaluable handwritten manuscripts of the Gurus was reduced to ashes, and thousands of innocent pilgrims, children, and Khalsa defenders were martyred.	घल्लूघारा जून 1984 सिख इतिहास की अत्यंत दुखद घटना है जब भारतीय सेना ने श्री गुरु अर्जन देव जी के शहीदी पर्व पर श्री हरिमंदिर साहिब और श्री अकाल तख्त साहिब पर टैंकों और तोपों से सैन्य हमला किया ('ऑपरेशन ब्लू स्टार')। इसमें श्री अकाल तख्त साहिब क्षतिग्रस्त हुआ, दुर्लभ सिख संदर्भ पुस्तकालय भस्म हो गया और हजारों निर्दोष श्रद्धालुओं व सिख रक्षकों ने शहादत पाई।
35	BARSI_SANT_JARNAIL_AMRIK		8	5	0	Operation_Blue_Star	ਬਰਸੀ ਸੰਤ ਜਰਨੈਲ ਸਿੰਘ ਤੇ ਭਾਈ ਅਮਰੀਕ ਸਿੰਘ	Barsi Sant Jarnail Singh & Bhai Amrik Singh	बरसी संत जरनेल सिंह व भाई अमरीक सिंह	ਸੰਤ ਗਿਆਨੀ ਜਰਨੈਲ ਸਿੰਘ ਜੀ ਖ਼ਾਲਸਾ ਭਿੰਡਰਾਂਵਾਲੇ, ਭਾਈ ਅਮਰੀਕ ਸਿੰਘ ਅਤੇ ਜਨਰਲ ਸੁਬੇਗ ਸਿੰਘ ਦਾ ਸ਼ਹੀਦੀ ਦਿਹਾੜਾ (6 ਜੂਨ 1984)। ਜੂਨ 1984 ਦੇ ਫ਼ੌਜੀ ਆਪ੍ਰੇਸ਼ਨ ਦੌਰਾਨ ਸ੍ਰੀ ਅਕਾਲ ਤਖ਼ਤ ਸਾਹਿਬ ਅਤੇ ਸ੍ਰੀ ਹਰਿਮੰਦਰ ਸਾਹਿਬ ਦੀ ਰਾਖੀ ਕਰਦਿਆਂ ਇਹਨਾਂ ਨੇ ਸ਼ਹਾਦਤ ਪ੍ਰਾਪਤ ਕੀਤੀ। ਸਾਲ 2003 ਵਿੱਚ ਸ੍ਰੀ ਅਕਾਲ ਤਖ਼ਤ ਸਾਹਿਬ ਵੱਲੋਂ ਇਹਨਾਂ ਨੂੰ ਕੌਮੀ ਸ਼ਹੀਦ ਐਲਾਨਿਆ ਗਿਆ ਸੀ।	Shaheedi Diwas of Sant Jarnail Singh Ji Khalsa Bhindranwale, Bhai Amrik Singh, and General Shabeg Singh on June 6, 1984. During the military operation at Sri Harmandir Sahib and Sri Akal Takht Sahib, they died while defending the complex. In 2003, Sri Akal Takht Sahib formally designated them as Shaheed (martyrs) of the Sikh faith.	संत ज्ञानी जरनैल सिंह जी खालसा भिंडरावाले, भाई अमरीक सिंह और जनरल सुबेग सिंह का शहीदी दिवस (6 जून 1984)। जून 1984 के सैन्य ऑपरेशन के दौरान श्री हरिमंदिर साहिब और श्री अकाल तख्त साहिब की रक्षा करते हुए इन्होंने अपने प्राण न्यौछावर किए। वर्ष 2003 में श्री अकाल तख्त साहिब द्वारा इन्हें पंथ के शहीद के रूप में मान्यता दी गई।
36	BHAGAT_KABIR_BIRTH	BHAGAT_KABIR	1	2	70	Bhagat_Kabir	ਪ੍ਰਕਾਸ਼ ਦਿਹਾੜਾ ਭਗਤ ਕਬੀਰ ਜੀ	Prakash Diwas Bhagat Kabir Ji	जन्म दिवस भगत कबीर जी	ਮਹਾਨ ਕ੍ਰਾਂਤੀਕਾਰੀ ਸੰਤ ਭਗਤ ਕਬੀਰ ਜੀ (1398-1518) ਦਾ ਪ੍ਰਕਾਸ਼ ਦਿਹਾੜਾ, ਜਿਨ੍ਹਾਂ ਦਾ ਜੀਵਨ ਕਾਂਸ਼ੀ (ਬਨਾਰਸ) ਵਿੱਚ ਬੀਤਿਆ। ਆਪ ਜੀ ਨੇ ਜਾਤ-ਪਾਤ, ਊਚ-ਨੀਚ, ਮੂਰਤੀ-ਪੂਜਾ ਅਤੇ ਫੋਕੇ ਕਰਮ-ਕਾਂਡਾਂ 'ਤੇ ਤਿੱਖਾ ਵਾਰ ਕੀਤਾ ਅਤੇ ਫ਼ੁਰਮਾਇਆ: 'ਅਵਲਿ ਅਲਹ ਨੂਰੁ ਉਪਾਇਆ ਕੁਦਰਤਿ ਕੇ ਸਭ ਬੰਦੇ॥ ਏਕ ਨੂਰ ਤੇ ਸਭੁ ਜਗੁ ਉਪਜਿਆ ਕਉਨ ਭਲੇ ਕੋ ਮੰਦੇ॥' ਸ੍ਰੀ ਗੁਰੂ ਗ੍ਰੰਥ ਸਾਹਿਬ ਜੀ ਵਿੱਚ ਭਗਤ ਕਬੀਰ ਜੀ ਦੇ 17 ਰਾਗਾਂ ਅੰਦਰ 541 ਪਾਵਨ ਸ਼ਬਦ ਤੇ ਸਲੋਕ ਸੁਸ਼ੋਭਿਤ ਹਨ।	Prakash Diwas of Bhagat Kabir Ji (1398–1518), the revolutionary saint-philosopher and weaver of Varanasi. Strongly rejecting caste discrimination, idolatry, empty rituals, and religious dogma, he proclaimed the supreme truth: 'Aval Allah Noor Upaya, Kudrat Ke Sabh Bande' (First, Allah created the Light; then, by His Creative Power, He made all mortals). Sri Guru Granth Sahib Ji enshrines 541 hymns and Saloks of Bhagat Kabir Ji across 17 distinct Raags.	महान क्रांतिकारी संत भगत कबीर जी (1398-1518) का प्रकाश दिवस, जिनका जीवन काशी (वाराणसी) में बीता। आपने जातिवाद, पाखंड, छुआछूत और खोखले कर्मकांडों का खंडन करते हुए उद्घोष किया: 'अवलि अलह नूरु उपाइआ कुदरति के सभ बंदे॥' श्री गुरु ग्रंथ साहिब जी में 17 रागों के अंतर्गत भगत कबीर जी के 541 पद व श्लोक दर्ज हैं, जो सार्वभौमिक भाईचारे की शिक्षा देते हैं।
37	JORMELA_RITHA_SAHIB		7	7	0	Reetha_Sahib	ਜੋੜ ਮੇਲਾ ਗੁਰਦੁਆਰਾ ਮੀਠਾ ਰੀਠਾ ਸਾਹਿਬ	Jor Mela Meetha Reetha Sahib	जोड़ मेला रीठा साहिब	ਜੋੜ ਮੇਲਾ ਮੀਠਾ ਰੀਠਾ ਸਾਹਿਬ ਸ੍ਰੀ ਗੁਰੂ ਨਾਨਕ ਦੇਵ ਜੀ ਦੀ ਤੀਜੀ ਉਦਾਸੀ ਦੌਰਾਨ ਉੱਤਰਾਖੰਡ ਦੇ ਚੰਪਾਵਤ ਇਲਾਕੇ ਵਿੱਚ ਗੋਰਖਪੰਥੀ ਜੋਗੀਆਂ ਨਾਲ ਹੋਈ ਇਤਿਹਾਸਕ ਗੋਸ਼ਟੀ ਦੀ ਯਾਦ ਦਿਵਾਉਂਦਾ ਹੈ। ਜਦੋਂ ਭਾਈ ਮਰਦਾਨਾ ਜੀ ਨੂੰ ਭੁੱਖ ਲੱਗੀ ਤਾਂ ਗੁਰੂ ਸਾਹਿਬ ਦੇ ਬਚਨਾਂ ਨਾਲ ਕੌੜੇ ਰੀਠੇ ਮਿੱਠੇ ਹੋ ਗਏ। ਇਹ ਅਸਥਾਨ ਸਿਖਾਉਂਦਾ ਹੈ ਕਿ ਗੁਰੂ ਦੀ ਕਿਰਪਾ ਨਾਲ ਕੌੜੇ ਸੁਭਾਅ ਵਾਲਾ ਇਨਸਾਨ ਵੀ ਨਿਮਰਤਾ ਅਤੇ ਮਿਠਾਸ ਨਾਲ ਭਰਪੂਰ ਹੋ ਜਾਂਦਾ ਹੈ।	Jor Mela Meetha Reetha Sahib commemorates Sri Guru Nanak Dev Ji's historic visit alongside Bhai Mardana Ji to the Kumaon hills in Champawat (Uttarakhand) during the Third Udasi. Encountering the Gorakhpanthi Siddhas led by Charpatnath, the Guru offered bitter soapnuts (Reethas) from a wild tree to the hungry Mardana; by the Guru's divine touch, the fruit turned miraculously sweet on that branch, teaching that harsh bitterness of human ego is transformed into the sweetness of divine humility.	जोड़ मेला मीठा रीठा साहिब श्री गुरु नानक देव जी की तीसरी उदासी के दौरान उत्तराखंड के चंपावत क्षेत्र में सिद्ध योगियों के साथ हुए ऐतिहासिक संवाद का प्रतीक है। भाई मरदाना जी की भूख मिटाने के लिए गुरु साहिब के स्पर्श से कड़वे रीठे मीठे हो गए थे। यह पावन स्थल अहंकार के त्याग और स्वभाव में प्रभु-प्रेम की मिठास भरने का दिव्य संदेश देता है।
38	FOUNDATION_DAY_AKAL_TAKHT		7	7	75	Akal_Takht	ਸ੍ਰੀ ਅਕਾਲ ਤਖ਼ਤ ਸਾਹਿਬ ਸਿਰਜਣਾ ਦਿਵਸ	Foundation Day Sri Akal Takht Sahib	श्री अकाल तख्त साहिब स्थापना दिवस	ਸ੍ਰੀ ਅਕਾਲ ਤਖ਼ਤ ਸਾਹਿਬ (ਅਕਾਲ ਪੁਰਖ ਦਾ ਤਖ਼ਤ) ਦਾ ਸਥਾਪਨਾ ਦਿਵਸ। 1606 ਈਸਵੀ ਵਿੱਚ ਛੇਵੇਂ ਪਾਤਸ਼ਾਹ ਸ੍ਰੀ ਗੁਰੂ ਹਰਿਗੋਬਿੰਦ ਸਾਹਿਬ ਜੀ ਨੇ ਸ੍ਰੀ ਹਰਿਮੰਦਰ ਸਾਹਿਬ ਦੇ ਸਨਮੁਖ ਇਸ ਪਾਵਨ ਤਖ਼ਤ ਦੀ ਨੀਂਹ ਰੱਖੀ, ਜਿਸ ਦੀ ਉਸਾਰੀ ਕੇਵਲ ਬਾਬਾ ਬੁੱਢਾ ਜੀ ਅਤੇ ਭਾਈ ਗੁਰਦਾਸ ਜੀ ਦੇ ਹੱਥੀਂ ਕਰਵਾਈ ਗਈ। ਇਹ ਤਖ਼ਤ ਸਿੱਖ ਕੌਮ ਦੀ ਸਰਵਉੱਚ ਨਿਆਂਇਕ ਅਤੇ ਸਿਆਸੀ ਪ੍ਰਭੂਸੱਤਾ ਦਾ ਕੇਂਦਰ ਹੈ, ਜਿੱਥੋਂ ਪੰਥਕ ਫ਼ੈਸਲੇ ਅਤੇ ਹੁਕਮਨਾਮੇ ਜਾਰੀ ਹੁੰਦੇ ਹਨ, ਅਤੇ ਇਹ ਭਗਤੀ ਤੇ ਸ਼ਕਤੀ ਦੇ ਸੁਮੇਲ ਦਾ ਪ੍ਰਤੀਕ ਹੈ।	Foundation Day of Sri Akal Takht Sahib (Throne of the Timeless One), established in 1606 CE directly opposite Sri Harmandir Sahib in Amritsar by the Sixth Master, Sri Guru Hargobind Sahib Ji, assisted solely by venerable Baba Budha Ji and Bhai Gurdas Ji without employing outside masons. Built on a twelve-foot raised platform, it represents the highest temporal and judicial seat of the Sikh Panth, where martial decisions, Hukamnams, and justice are dispensed, synthesizing spiritual illumination (Bhakti) with sovereign temporal defense (Shakti).	श्री अकाल तख्त साहिब (अकाल पुरख का तख्त) का स्थापना दिवस। 1606 ईस्वी में छठे पातशाह श्री गुरु हरगोविंद साहिब जी ने श्री हरिमंदिर साहिब के समक्ष इस पावन तख्त की नींव रखी, जिसका निर्माण केवल बाबा बुड्ढा जी और भाई गुरदास जी द्वारा किया गया। यह सिखों की सर्वोच्च धार्मिक व सांसारिक सत्ता का केंद्र है, जो भक्ति और शक्ति के अद्भुत समन्वय का प्रतीक है।
39	SHAHIDI_BANDA_SINGH_BAHADUR	BABA_BANDA_SINGH_BAHADUR	2	5	0	Banda_Singh_Bahadur	ਸ਼ਹੀਦੀ ਦਿਹਾੜਾ ਬਾਬਾ ਬੰਦਾ ਸਿੰਘ ਬਹਾਦਰ ਜੀ	Shaheedi Diwas Baba Banda Singh Bahadur Ji	शहीदी दिवस बाबा बंदा सिंह बहादुर जी	ਬਾਬਾ ਬੰਦਾ ਸਿੰਘ ਜੀ ਬਹਾਦਰ (1670-1716), ਪਹਿਲੇ ਖ਼ਾਲਸਾ ਰਾਜ ਦੇ ਬਾਨੀ ਅਤੇ ਮਹਾਨ ਸਿੱਖ ਜਰਨੈਲ ਦਾ ਸ਼ਹੀਦੀ ਦਿਹਾੜਾ। ਦਸਮੇਸ਼ ਪਿਤਾ ਤੋਂ ਥਾਪੜਾ ਲੈ ਕੇ ਪੰਜਾਬ ਆਏ ਬਾਬਾ ਬੰਦਾ ਸਿੰਘ ਨੇ ਜ਼ਾਲਮ ਮੁਗ਼ਲ ਹਕੂਮਤ ਦੀਆਂ ਜੜ੍ਹਾਂ ਹਿਲਾ ਦਿੱਤੀਆਂ ਅਤੇ ਹਲਵਾਹਕ ਕਿਸਾਨਾਂ ਨੂੰ ਜ਼ਮੀਨਾਂ ਦੀ ਮਾਲਕੀ ਦਿੱਤੀ। ਗੁਰਦਾਸ ਨੰਗਲ ਦੀ ਗੜ੍ਹੀ ਵਿੱਚ 8 ਮਹੀਨੇ ਦੇ ਘੇਰੇ ਮਗਰੋਂ ਆਪ ਜੀ ਨੂੰ 700 ਤੋਂ ਵੱਧ ਸਾਥੀਆਂ ਸਮੇਤ ਦਿੱਲੀ ਲਿਜਾਇਆ ਗਿਆ। ਆਪ ਜੀ ਦੇ 4 ਸਾਲਾ ਮਾਸੂਮ ਪੁੱਤਰ ਅਜੈ ਸਿੰਘ ਦਾ ਧੜਕਦਾ ਦਿਲ ਆਪ ਜੀ ਦੇ ਮੂੰਹ ਵਿੱਚ ਪਾਇਆ ਗਿਆ ਅਤੇ ਅੰਗ-ਅੰਗ ਕੱਟ ਕੇ ਸ਼ਹੀਦ ਕੀਤਾ ਗਿਆ, ਪਰ ਆਪ ਅਡੋਲ ਰਹੇ।	Shaheedi Diwas of Baba Banda Singh Bahadur (1670–1716), the legendary Sikh general and first sovereign ruler of the Khalsa Commonwealth. Dispatched by Guru Gobind Singh Ji from Nanded to Punjab with five arrows and a Council of five Singhs, he uprooted Mughal tyranny, avenged the murders of the Sahibzadas, and established peasant ownership of land. Besieged for eight months at Gurdas Nangal, he was captured and executed in Delhi with barbaric tortures; his 4-year-old son Ajay Singh's heart was forced into his mouth, before he was mercilessly martyred, refusing to the very end to compromise his Sikh faith.	बाबा बंदा सिंह बहादुर (1670-1716), प्रथम सिख राज्य के संस्थापक और महान सेनापति का शहीदी दिवस। दशमेश पिता के आदेश पर पंजाब आकर आपने जालिम मुगलों को दंडित किया और किसानों को भूमि का स्वामित्व दिया। गुरदास नंगल में 8 महीने के घेरे के बाद आपको दिल्ली में अमानवीय यातनाएं दी गईं; आपके 4 वर्षीय पुत्र अजय सिंह का कलेजा काटकर आपके मुख में डाला गया और अंततः आपको शहीद किया गया, परंतु आपने धर्म नहीं त्यागा।
40	DEATH_MAHARAJA_RANJIT_SINGH	MAHARAJA_RANJIT_SINGH	8	5	0	Maharaja_Ranjit_Singh	ਬਰਸੀ ਸ਼ੇਰ-ਏ-ਪੰਜਾਬ ਮਹਾਰਾਜਾ ਰਣਜੀਤ ਸਿੰਘ	Barsi Sher-e-Punjab Maharaja Ranjit Singh	बरसी शेर-ए-पंजाब महाराजा रणजीत सिंह	ਸ਼ੇਰ-ਏ-ਪੰਜਾਬ ਮਹਾਰਾਜਾ ਰਣਜੀਤ ਸਿੰਘ (1780-1839), ਸਰਕਾਰ-ਏ-ਖ਼ਾਲਸਾ ਦੇ ਮਹਾਨ ਮਹਾਰਾਜਾ ਦੀ ਬਰਸੀ। ਆਪ ਜੀ ਨੇ ਖੇਰੂੰ-ਖੇਰੂੰ ਹੋਈਆਂ ਸਿੱਖ ਮਿਸਲਾਂ ਨੂੰ ਇਕੱਠਾ ਕਰਕੇ ਪੰਜਾਬ, ਕਸ਼ਮੀਰ, ਮੁਲਤਾਨ ਅਤੇ ਪਿਸ਼ਾਵਰ ਤੱਕ ਫੈਲੇ ਇੱਕ ਵਿਸ਼ਾਲ ਅਤੇ ਸ਼ਕਤੀਸ਼ਾਲੀ ਸਿੱਖ ਰਾਜ ਦੀ ਸਥਾਪਨਾ ਕੀਤੀ। ਆਪ ਜੀ ਦੇ 40 ਸਾਲਾ ਰਾਜ ਵਿੱਚ ਕਿਸੇ ਇੱਕ ਵੀ ਵਿਅਕਤੀ ਨੂੰ ਮੌਤ ਦੀ ਸਜ਼ਾ ਨਹੀਂ ਦਿੱਤੀ ਗਈ। ਆਪ ਜੀ ਨੇ ਸ੍ਰੀ ਹਰਿਮੰਦਰ ਸਾਹਿਬ 'ਤੇ ਸੋਨੇ ਦੀ ਸੇਵਾ ਕਰਵਾਈ। ਲਾਹੌਰ ਵਿਖੇ ਗੁਰਦੁਆਰਾ ਡੇਹਰਾ ਸਾਹਿਬ ਦੇ ਨਜ਼ਦੀਕ ਆਪ ਜੀ ਦੀ ਸਮਾਧ ਸਥਿਤ ਹੈ।	Barsi (death anniversary) of Sher-e-Punjab Maharaja Ranjit Singh (1780–1839), the visionary sovereign of the sovereign Sikh Empire (Sarkar-i-Khalsa). Unifying the fractured Misls, his rule from 1799 to 1839 encompassed Punjab, Kashmir, Peshawar, and Ladakh. Renowned for zero capital punishment during forty years of reign, universal secular justice, gold embellishment of Sri Harmandir Sahib, and fostering legends like Hari Singh Nalwa and Akali Phula Singh, he was cremated at Lahore adjacent to Gurdwara Dehra Sahib.	शेर-ए-पंजाब महाराजा रणजीत सिंह (1780-1839), सरकार-ए-खालसा के महान शासक की बरसी। आपने सिख मिसलों को संगठित कर पंजाब, कश्मीर और पेशावर तक एक विशाल साम्राज्य स्थापित किया। आपके 40 वर्ष के शासनकाल में किसी को भी मृत्युदंड नहीं दिया गया। आपने श्री हरिमंदिर साहिब पर स्वर्ण पत्र चढ़ाने की पावन सेवा की। लाहौर में आपका अंतिम संस्कार हुआ जहाँ आपकी समाधि स्थित है।
41	GURU_HARGOBIND_MIRI_PIRI		7	7	0	Miri_Piri	ਮੀਰੀ-ਪੀਰੀ ਦਿਵਸ (ਗੁਰੂ ਹਰਿਗੋਬਿੰਦ ਸਾਹਿਬ ਜੀ)	Miri Piri Divas (Guru Hargobind Sahib Ji)	मीरी-पीरी दिवस (गुरु हरगोबिंद साहिब जी)	ਮੀਰੀ-ਪੀਰੀ ਦਿਵਸ ਛੇਵੇਂ ਪਾਤਸ਼ਾਹ ਸ੍ਰੀ ਗੁਰੂ ਹਰਿਗੋਬਿੰਦ ਸਾਹਿਬ ਜੀ ਵੱਲੋਂ ਮੀਰੀ (ਦੁਨਿਆਵੀ ਰਾਜਨੀਤਿਕ ਪ੍ਰਭੂਸੱਤਾ ਤੇ ਨਿਆਂ) ਅਤੇ ਪੀਰੀ (ਰੂਹਾਨੀ ਅਧਿਆਤਮਿਕ ਸ਼ਕਤੀ) ਦੀਆਂ ਦੋ ਤਲਵਾਰਾਂ ਧਾਰਨ ਕਰਨ ਦਾ ਇਤਿਹਾਸਕ ਦਿਹਾੜਾ ਹੈ। ਇਸ ਨੇ ਸਿੱਖੀ ਵਿੱਚ 'ਸੰਤ-ਸਿਪਾਹੀ' ਦੇ ਸਿਧਾਂਤ ਨੂੰ ਸਥਾਪਿਤ ਕੀਤਾ, ਜਿਸ ਅਨੁਸਾਰ ਧਰਮ ਅਤੇ ਅਧਿਆਤਮਿਕਤਾ ਦੀ ਰੱਖਿਆ ਲਈ ਜ਼ੁਲਮ ਵਿਰੁੱਧ ਹਥਿਆਰ ਚੁੱਕਣਾ ਪਵਿੱਤਰ ਫ਼ਰਜ਼ ਹੈ।	Miri Piri Divas commemorates the historic declaration by the Sixth Master, Sri Guru Hargobind Sahib Ji, donning two sacred swords: Miri (signifying temporal governance, military duty, and justice) and Piri (signifying spiritual authority, inner devotion, and enlightenment). This established the foundational Sikh doctrine of the Saint-Soldier (Sant-Sipahi), declaring that spirituality must be vigorously protected by temporal righteousness to ensure justice for all.	मीरी-पीरी दिवस छठे पातशाह श्री गुरु हरगोविंद साहिब जी द्वारा मीरी (सांसारिक संप्रभुता व न्याय) और पीरी (आध्यात्मिक शक्ति व भक्ति) की दो तलवारें धारण करने का ऐतिहासिक दिवस है। इसने सिख धर्म में 'संत-सिपाही' के सिद्धांत को मूर्त रूप दिया, जिसके अनुसार धर्म और मानवता की रक्षा के लिए शक्ति का होना अनिवार्य है।
42	SHAHIDI_BHAI_MANI_SINGH	BHAI_MANI_SINGH	2	5	0	Bhai_Mani_Singh	ਸ਼ਹੀਦੀ ਦਿਹਾੜਾ ਭਾਈ ਮਣੀ ਸਿੰਘ ਜੀ	Shaheedi Diwas Bhai Mani Singh Ji	शहीदी दिवस भाई मणि सिंह जी	ਸਿੱਖ ਵਿਦਵਤਾ ਦੇ ਥੰਮ੍ਹ ਭਾਈ ਮਣੀ ਸਿੰਘ ਜੀ (1644-1737), ਸ੍ਰੀ ਗੁਰੂ ਗ੍ਰੰਥ ਸਾਹਿਬ ਜੀ (ਦਮਦਮੀ ਬੀੜ) ਦੇ ਲਿਖਾਰੀ ਅਤੇ ਸ੍ਰੀ ਹਰਿਮੰਦਰ ਸਾਹਿਬ ਦੇ ਮੁੱਖ ਗ੍ਰੰਥੀ ਦਾ ਸ਼ਹੀਦੀ ਦਿਹਾੜਾ। ਲਾਹੌਰ ਦੇ ਗਵਰਨਰ ਜ਼ਕਰੀਆ ਖ਼ਾਨ ਵੱਲੋਂ ਦੀਵਾਲੀ ਦੇ ਮੇਲੇ 'ਤੇ ਲਾਏ ਟੈਕਸ ਦੇ ਬਹਾਨੇ ਗ੍ਰਿਫ਼ਤਾਰ ਕਰਕੇ ਆਪ ਜੀ ਨੂੰ ਬੰਦ-ਬੰਦ ਕੱਟਣ ਦਾ ਹੁਕਮ ਹੋਇਆ। ਜਦੋਂ ਜਲਾਦ ਨੇ ਹੱਥ ਵੱਢਣਾ ਚਾਹਿਆ ਤਾਂ ਭਾਈ ਸਾਹਿਬ ਨੇ ਕਿਹਾ ਕਿ ਉਂਗਲਾਂ ਦੇ ਪੋਟਿਆਂ ਤੋਂ ਕੱਟਣਾ ਸ਼ੁਰੂ ਕਰ ਤਾਂ ਜੋ ਸ਼ਾਹੀ ਫ਼ੁਰਮਾਨ ਦੀ ਉਲੰਘਣਾ ਨਾ ਹੋਵੇ। ਆਪ ਜੀ ਨੇ ਹੱਸਦੇ ਹੋਏ ਬੰਦ-ਬੰਦ ਕਟਵਾ ਕੇ ਸਿੱਖੀ ਸਿਦਕ ਨਿਭਾਇਆ।	Shaheedi Diwas of Bhai Mani Singh Ji (1644–1737), the venerable Sikh scholar, scribe of Sri Guru Granth Sahib Ji (Damdami Bir), head Granthi of Sri Harmandir Sahib, and trusted companion of Guru Gobind Singh Ji. Arrested by Governor Zakariya Khan for failing to pay an exorbitant tax when the Mughal government prevented the Diwali gathering, he was sentenced to have his limbs severed joint by joint at Nakhas Chowk, Lahore. As the executioner hesitated at his fingers, Bhai Mani Singh insisted he cut from the finger joints first to fulfill the sentence without deviating from Gurbani.	महान सिख विद्वान भाई मणि सिंह जी (1644-1737), श्री गुरु ग्रंथ साहिब जी (दमदमी बीड़) के लेखक और श्री हरिमंदिर साहिब के मुख्य ग्रंथी का शहीदी दिवस। लाहौर के गवर्नर जकरिया खान ने दिवाली मेले के जजिया कर के बहाने आपको बंदी बनाया और अंग-अंग (बंद-बंद) काटने की सजा सुनाई। नखास चौक लाहौर में आपने शांत भाव से अंग-अंग कटवाकर अद्वितीय शहादत दी।
43	SHAHIDI_BHAI_TARU_SINGH	BHAI_TARU_SINGH	2	5	0	Bhai_Taru_Singh	ਸ਼ਹੀਦੀ ਦਿਹਾੜਾ ਭਾਈ ਤਾਰੂ ਸਿੰਘ ਜੀ	Shaheedi Diwas Bhai Taru Singh Ji	शहीदी दिवस भाई तारू सिंह जी	ਭਾਈ ਤਾਰੂ ਸਿੰਘ ਜੀ (1720-1745), ਪਿੰਡ ਪੂਹਲਾ (ਅੰਮ੍ਰਿਤਸਰ) ਦੇ ਨਿਸ਼ਕਾਮ ਸੇਵਕ ਦਾ ਸ਼ਹੀਦੀ ਦਿਹਾੜਾ, ਜੋ ਜੰਗਲਾਂ ਵਿੱਚ ਰਹਿੰਦੇ ਖ਼ਾਲਸਾ ਸਿੰਘਾਂ ਲਈ ਅੰਨ-ਜਲ ਦੀ ਸੇਵਾ ਕਰਦੇ ਸਨ। ਮੁਖ਼ਬਰੀ ਹੋਣ 'ਤੇ ਲਾਹੌਰ ਦੇ ਸੂਬੇਦਾਰ ਜ਼ਕਰੀਆ ਖ਼ਾਨ ਨੇ ਆਪ ਜੀ ਨੂੰ ਇਸਲਾਮ ਕਬੂਲਣ ਜਾਂ ਕੇਸ ਕਟਵਾਉਣ ਦਾ ਹੁਕਮ ਦਿੱਤਾ। ਭਾਈ ਸਾਹਿਬ ਨੇ ਸੀਸ ਦੇਣਾ ਪ੍ਰਵਾਨ ਕੀਤਾ ਪਰ ਕੇਸ ਕਟਵਾਉਣ ਤੋਂ ਇਨਕਾਰ ਕਰ ਦਿੱਤਾ। ਰੰਬੀ ਨਾਲ ਆਪ ਜੀ ਦੀ ਖੋਪਰੀ ਉਤਾਰ ਦਿੱਤੀ ਗਈ। ਆਪ ਜੀ ਨੇ 22 ਦਿਨ ਖੋਪਰੀ ਉਤਰਨ ਮਗਰੋਂ ਵੀ ਬਾਣੀ ਪੜ੍ਹਦਿਆਂ ਸਵਾਸ ਨਿਭਾਏ ਅਤੇ ਜ਼ਕਰੀਆ ਖ਼ਾਨ ਦੇ ਮਰਨ ਉਪਰੰਤ ਹੀ ਸੱਚਖੰਡ ਪਿਆਨਾ ਕੀਤਾ।	Shaheedi Diwas of Bhai Taru Singh Ji (1720–1745), a devout farmer of Poolha village (Amritsar) renowned for his selfless service of providing food and shelter to Khalsa warriors hiding in the jungles. Betrayed to Governor Zakariya Khan of Lahore, he was given the choice between Islam and having his hair cut. Bhai Taru Singh resolutely proclaimed that his Kesh was inseparable from his skull. The executioner used a shoemaker's chisel (Rambi) to scrape off his entire scalp. Bhai Taru Singh survived in tranquil meditation for 22 days until Zakariya Khan died in agony, proving that the Sikh faith lives beyond bodily death.	भाई तारू सिंह जी (1720-1745) का शहीदी दिवस, जो जंगलों में विचरने वाले सिंहों को भोजन और सहायता पहुंचाते थे। लाहौर के नवाब जकरिया खान ने उन्हें धर्म परिवर्तन अथवा केश कटवाने का आदेश दिया। भाई साहिब ने केश कटाने के बजाय सिर कटाना स्वीकार किया और रंभी से अपनी पूरी खोपड़ी उतरवा ली, परंतु सिख धर्म और केशों की मर्यादा पर आंच नहीं आने दी।
44	BIRTH_BHAI_TARU_SINGH	BHAI_TARU_SINGH	1	5	0	Bhai_Taru_Singh	ਪ੍ਰਕਾਸ਼ ਦਿਹਾੜਾ ਭਾਈ ਤਾਰੂ ਸਿੰਘ ਜੀ	Prakash Diwas Bhai Taru Singh Ji	जन्म दिवस भाई तारू सिंह जी	ਅਮਰ ਸ਼ਹੀਦ ਭਾਈ ਤਾਰੂ ਸਿੰਘ ਜੀ (1720-1745) ਦਾ ਪ੍ਰਕਾਸ਼ ਦਿਹਾੜਾ, ਜਿਨ੍ਹਾਂ ਦਾ ਜਨਮ ਮਾਝੇ ਦੇ ਪਿੰਡ ਪੂਹਲਾ ਵਿਖੇ ਹੋਇਆ। ਆਪ ਜੀ ਨੇ ਖੇਤੀਬਾੜੀ ਕਰਦਿਆਂ ਆਪਣੀ ਨੇਕ ਕਮਾਈ ਵਿੱਚੋਂ ਲੋੜਵੰਦਾਂ ਅਤੇ ਸੰਘਰਸ਼ਸ਼ੀਲ ਸਿੰਘਾਂ ਦੀ ਲੰਗਰ ਨਾਲ ਸੇਵਾ ਕੀਤੀ। ਆਪ ਜੀ ਦੀ ਕੇਸਾਂ ਅਤੇ ਸਿੱਖੀ ਸਿਦਕ ਪ੍ਰਤੀ ਅਡੋਲ ਵਫ਼ਾਦਾਰੀ ਸਮੁੱਚੇ ਪੰਥ ਲਈ ਪ੍ਰੇਰਨਾ ਦਾ ਸਦੀਵੀ ਸਰੋਤ ਹੈ।	Prakash Diwas of the supreme martyr Bhai Taru Singh Ji (1720–1745), born in village Poolha (Majha, Punjab). Devoting his life to honest agriculture and feeding the needy and persecuted Sikh guerillas, his unshakable commitment to his sacred Kesh and faith in the face of brutal scalping remains an eternal source of inspiration for the Khalsa Panth.	अमर शहीद भाई तारू सिंह जी (1720-1745) का प्रकाश दिवस, जिनका जन्म पंजाब के पूहला गांव में हुआ। आपने अपनी नेक कमाई से जरूरतमंदों और सिख योद्धाओं की सेवा की। केशों और सिख धर्म की रक्षा हेतु अपनी खोपड़ी उतरवाने वाले भाई तारू सिंह जी का जीवन त्याग और निष्ठा का प्रतीक है।
45	GURU_HAR_KRISHAN_BIRTH	GURU_HAR_KRISHAN	1	1	90	Guru_Har_Krishan	ਪ੍ਰਕਾਸ਼ ਗੁਰਪੁਰਬ ਗੁਰੂ ਹਰਿ ਕ੍ਰਿਸ਼ਨ ਜੀ	Prakash Purab Guru Har Krishan Ji	प्रकाश पुरब गुरु हरि कृष्ण जी	ਅੱਠਵੇਂ ਪਾਤਸ਼ਾਹ ਬਾਲਾ ਪ੍ਰੀਤਮ ਸ੍ਰੀ ਗੁਰੂ ਹਰਿਕ੍ਰਿਸ਼ਨ ਸਾਹਿਬ ਜੀ (1656-1664) ਦਾ ਪ੍ਰਕਾਸ਼ ਗੁਰਪੁਰਬ। ਆਪ ਜੀ ਦਾ ਪ੍ਰਕਾਸ਼ ਕੀਰਤਪੁਰ ਸਾਹਿਬ ਵਿਖੇ ਸੱਤਵੇਂ ਪਾਤਸ਼ਾਹ ਸ੍ਰੀ ਗੁਰੂ ਹਰਿ ਰਾਇ ਜੀ ਅਤੇ ਮਾਤਾ ਕ੍ਰਿਸ਼ਨ ਕੌਰ (ਸੁਲੱਖਣੀ) ਜੀ ਦੇ ਗ੍ਰਹਿ ਹੋਇਆ। ਸਿੱਖ ਅਰਦਾਸ ਵਿੱਚ ਆਪ ਜੀ ਦਾ ਸਿਮਰਨ ਕੀਤਾ ਜਾਂਦਾ ਹੈ: 'ਸ੍ਰੀ ਹਰਿਕ੍ਰਿਸਨ ਧਿਆਈਐ ਜਿਸੁ ਡਿਠੇ ਸਭਿ ਦੁਖਿ ਜਾਇ॥' ਆਪ ਜੀ ਨੇ ਆਪਣੀ ਇਲਾਹੀ ਨਜ਼ਰ ਨਾਲ ਛੱਜੂ ਝੀਵਰ ਪਾਸੋਂ ਗੀਤਾ ਦੇ ਅਰਥ ਕਰਵਾ ਕੇ ਹੰਕਾਰੀ ਪੰਡਿਤ ਲਾਲ ਚੰਦ ਦਾ ਹੰਕਾਰ ਤੋੜਿਆ।	Prakash Purab of the Eighth Master, Sri Guru Har Krishan Ji (1656–1664), born at Kiratpur Sahib to the Seventh Guru Sri Guru Har Rai Ji and Mata Sulakkhani (Krishan Kaur) Ji. Revered as 'Bal Guru' (Child Guru) and celebrated in the Sikh Ardaas: 'Sri Har Krishan Dhyaiye Jis Dithe Sabh Dukh Jaye' (Meditate on Sri Guru Har Krishan, seeing whom all sorrows depart). Even at a tender age, his profound spiritual stature humbled scholarly pundits like Chhaju Ram and dispelled imperial illusions.	आठवें पातशाह बाला प्रीतम श्री गुरु हरि कृष्ण साहिब जी (1656-1664) का प्रकाश गुरपुरब। आपका जन्म कीरतपुर साहिब में सातवें पातशाह श्री गुरु हरि राय जी और माता कृष्ण कौर जी के घर हुआ। सिख अरदास में आपका नमन करते हुए कहा गया है: 'श्री हरिकृष्ण धियाईऐ जिसु डिठे सभि दुखि जाइ॥' आपने अपनी दिव्य शक्ति से छज्जू झीवर से गीता के गूढ़ अर्थ करवाकर अहंकारी विद्वानों को अचंभित किया।
46	SHAHIDI_UDHAM_SINGH	SHAHEED_UDHAM_SINGH	2	5	0	Udham_Singh	ਸ਼ਹੀਦੀ ਦਿਹਾੜਾ ਸ਼ਹੀਦ ਊਧਮ ਸਿੰਘ ਜੀ	Shaheedi Diwas Shaheed Udham Singh Ji	शहीदी दिवस शहीद ऊधम सिंह जी	ਸ਼ਹੀਦ ਊਧਮ ਸਿੰਘ ਜੀ (1899-1940), ਸੁਨਾਮ (ਸੰਗਰੂਰ) ਦੇ ਸਪੂਤ ਦਾ ਸ਼ਹੀਦੀ ਦਿਹਾੜਾ। 13 ਅਪ੍ਰੈਲ 1919 ਨੂੰ ਅੰਮ੍ਰਿਤਸਰ ਦੇ ਜੱਲ੍ਹਿਆਂਵਾਲਾ ਬਾਗ਼ ਦੇ ਖ਼ੂਨੀ ਸਾਕੇ ਦੇ ਦਰਦ ਨੂੰ ਸੀਨੇ ਵਿੱਚ ਸਮੋਈ, ਆਪ ਜੀ ਨੇ 21 ਸਾਲ ਲਗਾਤਾਰ ਪਿੱਛਾ ਕਰਕੇ 13 ਮਾਰਚ 1940 ਨੂੰ ਲੰਡਨ ਦੇ ਕੈਕਸਟਨ ਹਾਲ ਵਿੱਚ ਪੰਜਾਬ ਦੇ ਸਾਬਕਾ ਲੈਫ਼ਟੀਨੈਂਟ ਗਵਰਨਰ ਮਾਈਕਲ ਓਡਵਾਇਰ ਨੂੰ ਗੋਲੀ ਮਾਰ ਕੇ ਕੌਮ ਦਾ ਬਦਲਾ ਲਿਆ। ਅਦਾਲਤ ਵਿੱਚ ਆਪਣਾ ਨਾਮ 'ਰਾਮ ਮੁਹੰਮਦ ਸਿੰਘ ਆਜ਼ਾਦ' ਲਿਖਵਾ ਕੇ ਆਪ ਜੀ 31 ਜੁਲਾਈ 1940 ਨੂੰ ਪੈਂਟਨਵਿਲ ਜੇਲ੍ਹ ਵਿੱਚ ਫਾਂਸੀ 'ਤੇ ਝੂਲ ਗਏ।	Shaheedi Diwas of Shaheed Udham Singh Ji (1899–1940), the dedicated Indian revolutionary born at Sunam (Sangrur). Deeply scarred by witnessing the horrific Jallianwala Bagh massacre in Amritsar on Vaisakhi 1919, he pursued the former Lieutenant Governor of Punjab Michael O'Dwyer for 21 years across the globe, assassinating him on March 13, 1940 at Caxton Hall, London. Proclaiming his name in court as 'Ram Mohammad Singh Azad' to symbolize national unity, he was executed at Pentonville Prison on July 31, 1940.	शहीद ऊधम सिंह जी (1899-1940), सुनाम (संगरूर) के क्रांतिकारी सपूत का शहीदी दिवस। 1919 के जलियांवाला बाग नरसंहार का बदला लेने के लिए आपने 21 वर्षों तक संकल्प साधे रखा और 13 मार्च 1940 को लंदन के कैक्सटन हॉल में माइकल ओ'डायर को गोली मारी। अदालत में अपना नाम 'राम मोहम्मद सिंह आजाद' बताकर 31 जुलाई 1940 को पेंटनविले जेल में हंसते-हंसते शहादत पाई।
47	HIST_MORCHA_GURU_KA_BAGH		7	7	0	Morcha_Guru_Ka_Bagh	ਮੋਰਚਾ ਗੁਰੂ ਕਾ ਬਾਗ਼	Morcha Guru Ka Bagh	मोर्चा गुरु का बाग़	ਮੋਰਚਾ ਗੁਰੂ ਕਾ ਬਾਗ਼ (1922 ਈ.) ਗੁਰਦੁਆਰਾ ਸੁਧਾਰ ਲਹਿਰ ਦਾ ਇੱਕ ਸੁਨਹਿਰੀ ਪੰਨਾ ਹੈ। ਗੁਰਦੁਆਰਾ ਸਾਹਿਬ ਦੇ ਲੰਗਰ ਲਈ ਸੁੱਕੀਆਂ ਲੱਕੜਾਂ ਵੱਢਣ 'ਤੇ ਮਹੰਤ ਸੁੰਦਰ ਦਾਸ ਨੇ ਪੁਲਿਸ ਰਾਹੀਂ ਸਿੱਖਾਂ ਨੂੰ ਗ੍ਰਿਫ਼ਤਾਰ ਕਰਵਾਇਆ। ਸ਼ਾਂਤਮਈ ਸਿੰਘਾਂ ਦੇ ਰੋਜ਼ਾਨਾ ਜਥਿਆਂ 'ਤੇ ਅੰਗਰੇਜ਼ ਪੁਲਿਸ ਨੇ ਡੰਡਿਆਂ ਤੇ ਬੂਟਾਂ ਨਾਲ ਬੇਰਹਿਮੀ ਨਾਲ ਅੰਨ੍ਹਾ ਤਸ਼ੱਦਦ ਢਾਹਿਆ, ਪਰ ਸਿੰਘਾਂ ਨੇ ਪ੍ਰਭੂ ਦਾ ਸਿਮਰਨ ਕਰਦਿਆਂ ਸੀ ਤੱਕ ਨਾ ਕੀਤੀ। ਇਸ ਅਹਿੰਸਕ ਸਿਦਕ ਅੱਗੇ ਅੰਗਰੇਜ਼ ਸਰਕਾਰ ਨੂੰ ਝੁਕਣਾ ਪਿਆ ਅਤੇ ਗੁਰਦੁਆਰੇ ਦਾ ਪ੍ਰਬੰਧ ਸ਼੍ਰੋਮਣੀ ਕਮੇਟੀ ਨੂੰ ਸੌਂਪਣਾ ਪਿਆ।	Morcha Guru Ka Bagh (August–November 1922) was a legendary chapter in the Gurdwara Reform Movement (Akali Movement). When Mahant Sundar Das had peaceful Sikhs arrested for cutting dry wood from the Gurdwara orchards for the communal Langar, daily Jathas of hundred baptised Sikhs marched non-violently toward the shrine. British police under Superintendent Beaty subjected the unarmed Singhs to horrific lathi charges and beatings, but not a single Sikh raised a hand in retaliation, winning international acclaim and forcing the British government to surrender the shrine to the SGPC.	मोर्चा गुरु का बाग़ (1922 ईस्वी) गुरुद्वारा सुधार आंदोलन का गौरवशाली अध्याय है। लंगर के लिए सूखी लकड़ियां काटने पर महंत द्वारा सिखों की गिरफ्तारी के विरोध में शांतमयी जत्थे भेजे गए। अंग्रेज पुलिस द्वारा बर्बर लाठीचार्ज और अमानवीय अत्याचार के बावजूद सिखों ने पूर्ण शांति और धैर्य बनाए रखा, जिससे विवश होकर अंग्रेजी सरकार को गुरुद्वारे की चाबियां शिरोमणि कमेटी को सौंपनी पड़ीं।
48	JORMELA_BABA_BAKALA		7	7	0	Baba_Bakala	ਜੋੜ ਮੇਲਾ ਬਾਬਾ ਬਕਾਲਾ ਸਾਹਿਬ (ਰੱਖੜ ਪੁੰਨਿਆ)	Jor Mela Baba Bakala Sahib	जोड़ मेला बाबा बकाला साहिब	ਸ੍ਰੀ ਬਾਬਾ ਬਕਾਲਾ ਸਾਹਿਬ ਦਾ ਸਾਲਾਨਾ ਜੋੜ ਮੇਲਾ (ਰੱਖੜ ਪੁੰਨਿਆ) 1664 ਈਸਵੀ ਵਿੱਚ ਨੌਵੇਂ ਪਾਤਸ਼ਾਹ ਸ੍ਰੀ ਗੁਰੂ ਤੇਗ਼ ਬਹਾਦਰ ਸਾਹਿਬ ਜੀ ਦੇ ਪ੍ਰਗਟ ਹੋਣ ਦਾ ਇਤਿਹਾਸਕ ਦਿਹਾੜਾ ਹੈ। ਅੱਠਵੇਂ ਪਾਤਸ਼ਾਹ ਵੱਲੋਂ 'ਬਾਬਾ ਬਕਾਲੇ' ਕਹਿਣ 'ਤੇ ਬਾਈ ਦੰਭੀ ਮਸੰਦ ਗੁਰੂ ਬਣ ਬੈਠੇ ਸਨ। ਸਮੁੰਦਰੀ ਤੂਫ਼ਾਨ ਵਿੱਚੋਂ ਜਹਾਜ਼ ਸੁੱਖ-ਸਾਂਦ ਨਾਲ ਨਿਕਲਣ 'ਤੇ ਮੱਖਣ ਸ਼ਾਹ ਲੁਬਾਣਾ ਨੇ ਦੋ-ਦੋ ਮੋਹਰਾਂ ਰੱਖ ਕੇ ਪਰਖ ਕੀਤੀ। ਭੋਰੇ ਵਿੱਚ ਬੈਠੇ ਸੱਚੇ ਪਾਤਸ਼ਾਹ ਨੇ ਪੰਜ ਸੌ ਮੋਹਰਾਂ ਦੀ ਸੁੱਖਣਾ ਯਾਦ ਕਰਵਾਈ ਤਾਂ ਮੱਖਣ ਸ਼ਾਹ ਨੇ ਕੋਠੇ 'ਤੇ ਚੜ੍ਹ ਕੇ ਹੋਕਾ ਦਿੱਤਾ: 'ਗੁਰੂ ਲਾਧੋ ਰੇ! ਗੁਰੂ ਲਾਧੋ ਰੇ!'।	Annual Jor Mela at Sri Baba Bakala Sahib (commemorated on Rakhar Punya), celebrating the historic revelation of the Ninth Sikh Guru, Sri Guru Tegh Bahadur Ji, in 1664. Following Guru Har Krishan Ji's words 'Baba Bakale', twenty-two imposter Sodhis set up rival seats. The wealthy merchant Makhan Shah Lubana, whose trading ship was miraculously saved from a sea vortex by the Guru, tested the claimants with two gold Mohurs each, finally discovering the true Guru in deep meditation in his underground chamber (Bhora Sahib) and proclaiming from the rooftop: 'Guru Ladho Re' (The True Guru is Found!).	श्री बाबा बकाला साहिब का वार्षिक जोड़ मेला (राखी पूर्णिमा) 1664 ईस्वी में नौवें पातशाह श्री गुरु तेग बहादुर साहिब जी के प्रकट होने का ऐतिहासिक दिवस है। आठवें पातशाह के 'बाबा बकाले' संकेत के बाद 22 पाखंडी गद्दियां लगाकर बैठ गए थे। मक्खन शाह लुभाना ने दो-दो स्वर्ण मुद्राएं रखकर परीक्षा ली और भूमिगत कक्ष (भोरा साहिब) में लीन सच्चे गुरु को पाकर छत से उद्घोष किया: 'गुरु लाधो रे! गुरु लाधो रे!'।
49	INDIAS_INDEPENDENCE_DAY		7	8	0		ਭਾਰਤ ਦਾ ਸੁਤੰਤਰਤਾ ਦਿਵਸ	Independence Day of India	स्वतंत्रता दिवस	ਭਾਰਤ ਦਾ ਸੁਤੰਤਰਤਾ ਦਿਵਸ (15 ਅਗਸਤ 1947) ਬਰਤਾਨਵੀ ਗ਼ੁਲਾਮੀ ਤੋਂ ਆਜ਼ਾਦੀ ਦਾ ਦਿਨ ਹੈ। ਭਾਰਤ ਦੇ ਆਜ਼ਾਦੀ ਸੰਗਰਾਮ ਵਿੱਚ ਸਿੱਖ ਕੌਮ ਨੇ ਆਪਣੀ ਆਬਾਦੀ ਦੇ ਅਨੁਪਾਤ ਨਾਲੋਂ ਕਿਤੇ ਵੱਧ (80% ਤੋਂ ਵੱਧ ਫਾਂਸੀਆਂ, ਕਾਲੇ ਪਾਣੀ ਦੀਆਂ ਉਮਰ-ਕੈਦਾਂ ਅਤੇ ਸ਼ਹਾਦਤਾਂ) ਕੁਰਬਾਨੀਆਂ ਦਿੱਤੀਆਂ। ਪਰ ਇਸ ਆਜ਼ਾਦੀ ਦੇ ਨਾਲ ਹੋਈ ਪੰਜਾਬ ਦੀ ਖ਼ੂਨੀ ਵੰਡ ਨੇ ਸਿੱਖਾਂ ਨੂੰ ਆਪਣੀ ਜਰਖ਼ੇਜ਼ ਧਰਤੀ, ਘਰ-ਬਾਰ ਅਤੇ ਸ੍ਰੀ ਨਨਕਾਣਾ ਸਾਹਿਬ ਤੇ ਸ੍ਰੀ ਪੰਜਾ ਸਾਹਿਬ ਵਰਗੇ ਪਵਿੱਤਰ ਗੁਰਧਾਮਾਂ ਤੋਂ ਵਿਛੋੜ ਦਿੱਤਾ ਅਤੇ ਲੱਖਾਂ ਜਾਨਾਂ ਦੀ ਕੁਰਬਾਨੀ ਲਈ।	Independence Day of India (August 15, 1947) marks liberation from British colonial rule. Sikhs contributed disproportionately to India's freedom struggle—representing over 80% of those executed, exiled to the Cellular Jail (Kalapani), or martyred during the Ghadar Movement, Babbar Akali Movement, and INA. However, independence was tragically marred by the Partition of Punjab, which resulted in the loss of ancestral lands and shrines, and the martyrdom of hundreds of thousands of Sikhs.	भारत का स्वतंत्रता दिवस (15 अगस्त 1947) ब्रिटिश दासता से मुक्ति का दिन है। भारत के स्वतंत्रता संग्राम में सिख कौम ने 80% से अधिक फांसी की सजाएं और काले पानी के कारावास झेलकर सर्वोच्च योगदान दिया। परंतु स्वतंत्रता के साथ हुए पंजाब के दर्दनाक विभाजन ने लाखों सिखों को बेघर किया और ऐतिहासिक गुरुधामों से विलग कर दिया।
50	HIST_PARTITION_PRAYER_DAY		7	7	0	Partition_of_India	ਦੇਸ਼ ਵੰਡ ਦੇ ਸ਼ਹੀਦਾਂ ਦੀ ਯਾਦ ਵਿਚ ਅਰਦਾਸ ਦਿਵਸ	Partition Remembrance Day	विभाजन स्मरण दिवस	ਦੇਸ਼ ਵੰਡ ਦੇ ਸ਼ਹੀਦਾਂ ਦੀ ਯਾਦ ਵਿਚ ਅਰਦਾਸ ਦਿਵਸ (ਵੰਡ ਦਾ ਦਰਦ) ਅਗਸਤ 1947 ਵਿੱਚ ਪੰਜਾਬ ਦੀ ਵੰਡ ਦੌਰਾਨ ਸਿੱਖ ਕੌਮ ਵੱਲੋਂ ਝੱਲੇ ਗਏ ਅਕਹਿ ਕਸ਼ਟਾਂ, ਕਤਲੇਆਮ ਅਤੇ ਉਜਾੜੇ ਦੀ ਯਾਦ ਦਿਵਾਉਂਦਾ ਹੈ। ਲੱਖਾਂ ਸਿੱਖ ਪਰਿਵਾਰਾਂ ਨੂੰ ਆਪਣੀਆਂ ਜੱਦੀ ਜ਼ਮੀਨਾਂ, ਘਰ-ਘਾਟ ਅਤੇ ਸ੍ਰੀ ਨਨਕਾਣਾ ਸਾਹਿਬ, ਸ੍ਰੀ ਪੰਜਾ ਸਾਹਿਬ ਤੇ ਡੇਹਰਾ ਸਾਹਿਬ ਲਾਹੌਰ ਵਰਗੇ ਇਤਿਹਾਸਕ ਗੁਰਧਾਮਾਂ ਨੂੰ ਛੱਡ ਕੇ ਹਿਜਰਤ ਕਰਨੀ ਪਈ, ਅਤੇ ਲੱਖਾਂ ਬੇਗੁਨਾਹ ਜਾਨਾਂ ਮਜ਼੍ਹਬੀ ਜਨੂੰਨ ਦੀ ਭੇਟ ਚੜ੍ਹ ਗਈਆਂ।	Partition Remembrance Day (Vibhajan Ardaas Divas) solemnly remembers the immense tragedy, catastrophic slaughter, and displacement suffered by the Sikh community during the Partition of Punjab in August 1947. Millions of Sikhs were brutally uprooted from their ancestral lands and forced to leave behind their most sacred historical shrines—including Sri Nankana Sahib, Sri Panja Sahib, and Gurdwara Dehra Sahib—with hundreds of thousands martyred during the mass migration.	विभाजन स्मरण दिवस (विभाजन अरदास दिवस) अगस्त 1947 में पंजाब के विभाजन के दौरान सिख समाज द्वारा झेले गए असीम दर्द, कत्लेआम और विस्थापन का स्मरण दिवस है। लाखों सिखों को अपनी पैतृक भूमि छोड़कर विस्थापित होना पड़ा और श्री ननकाना साहिब, श्री पंजा साहिब जैसे पवित्र गुरुधाम सीमा पार रह गए, जिसमें लाखों निर्दोष सिखों ने अपनी जानें गंवाईं।
51	BARSI_SANT_LONGOWAL		8	5	0	Dharam_Yudh_Morcha	ਸਾਲਾਨਾ ਬਰਸੀ ਸੰਤ ਹਰਚੰਦ ਸਿੰਘ ਲੌਂਗੋਵਾਲ	Barsi Sant Harchand Singh Longowal	वार्षिक बरसी संत हरचंद सिंह लोंगोवाल	ਸੰਤ ਹਰਚੰਦ ਸਿੰਘ ਲੌਂਗੋਵਾਲ (1932-1985), ਸ਼੍ਰੋਮਣੀ ਅਕਾਲੀ ਦਲ ਦੇ ਪ੍ਰਧਾਨ ਅਤੇ ਧਰਮ ਯੁੱਧ ਮੋਰਚੇ ਦੇ ਡਿਕਟੇਟਰ ਦਾ ਸ਼ਹੀਦੀ ਦਿਹਾੜਾ। ਆਪ ਜੀ ਨੇ ਪੰਜਾਬ ਦੇ ਹੱਕਾਂ ਅਤੇ ਸ਼ਾਂਤੀ ਲਈ ਰਾਜੀਵ-ਲੌਂਗੋਵਾਲ ਸਮਝੌਤੇ 'ਤੇ ਦਸਤਖ਼ਤ ਕੀਤੇ ਤਾਂ ਜੋ ਚੰਡੀਗੜ੍ਹ ਪੰਜਾਬ ਨੂੰ ਮਿਲ ਸਕੇ ਅਤੇ ਨੌਜਵਾਨਾਂ 'ਤੇ ਦਰਜ ਕੇਸ ਵਾਪਸ ਹੋ ਸਕਣ। 20 ਅਗਸਤ 1985 ਨੂੰ ਗੁਰਦੁਆਰਾ ਸ਼ੇਰਪੁਰ (ਸੰਗਰੂਰ) ਵਿਖੇ ਸੰਗਤਾਂ ਨੂੰ ਸੰਬੋਧਨ ਕਰਦਿਆਂ ਆਪ ਜੀ 'ਤੇ ਗੋਲੀਆਂ ਚਲਾ ਦਿੱਤੀਆਂ ਗਈਆਂ ਅਤੇ ਆਪ ਸ਼ਹੀਦ ਹੋ ਗਏ।	Shaheedi Diwas of Sant Harchand Singh Longowal (1932–1985), President of Shiromani Akali Dal and leader of the Dharam Yudh Morcha. A peaceful leader dedicated to the welfare of Punjab, he signed the historic Punjab Accord (Rajiv-Longowal Accord) in July 1985 aiming to resolve the Punjab crisis, transfer Chandigarh, and rehabilitate Sikh youth. He was assassinated on August 20, 1985 while addressing a gathering at Gurdwara Sherpur (Sangrur).	संत हरचंद सिंह लोंगोवाल (1932-1985), शिरोमणि अकाली दल के अध्यक्ष और धर्म युद्ध मोर्चा के प्रमुख का शहीदी दिवस। पंजाब में शांति और अधिकारों की बहाली के लिए आपने ऐतिहासिक राजीव-लोंगोवाल समझौते पर हस्ताक्षर किए। 20 अगस्त 1985 को गुरुद्वारा शेरपुर (संगरूर) में संगत को संबोधित करते समय आपकी हत्या कर दी गई।
52	GURU_GRANTH_SAHIB_COMPLETION	GURU_GRANTH_SAHIB	7	7	0	Guru_Granth_Sahib	ਸੰਪੂਰਨਤਾ ਦਿਵਸ ਸ੍ਰੀ ਗੁਰੂ ਗ੍ਰੰਥ ਸਾਹਿਬ ਜੀ	Sampooranta Divas of Sri Guru Granth Sahib Ji	संपूर्णता दिवस श्री गुरु ग्रंथ साहिब जी	ਸ੍ਰੀ ਗੁਰੂ ਗ੍ਰੰਥ ਸਾਹਿਬ ਜੀ ਦਾ ਸੰਪੂਰਨਤਾ ਦਿਵਸ 1706 ਈਸਵੀ ਵਿੱਚ ਤਖ਼ਤ ਸ੍ਰੀ ਦਮਦਮਾ ਸਾਹਿਬ (ਤਲਵੰਡੀ ਸਾਬੋ, ਗੁਰੂ ਕੀ ਕਾਂਸ਼ੀ) ਵਿਖੇ ਦਸਮੇਸ਼ ਪਿਤਾ ਸ੍ਰੀ ਗੁਰੂ ਗੋਬਿੰਦ ਸਿੰਘ ਜੀ ਵੱਲੋਂ ਪਾਵਨ ਸਰੂਪ (ਦਮਦਮੀ ਬੀੜ) ਦੀ ਸੰਪੂਰਨਤਾ ਦਾ ਇਤਿਹਾਸਕ ਦਿਹਾੜਾ ਹੈ। ਗੁਰੂ ਸਾਹਿਬ ਨੇ ਆਪਣੇ ਕੰਠ ਤੋਂ ਸਮੁੱਚੀ ਬਾਣੀ ਉਚਾਰਨ ਕੀਤੀ ਅਤੇ ਭਾਈ ਮਣੀ ਸਿੰਘ ਜੀ ਨੇ ਲਿਖਾਰੀ ਦੀ ਸੇਵਾ ਨਿਭਾਈ। ਇਸ ਪਾਵਨ ਬੀੜ ਵਿੱਚ ਨੌਵੇਂ ਪਾਤਸ਼ਾਹ ਸ੍ਰੀ ਗੁਰੂ ਤੇਗ਼ ਬਹਾਦਰ ਸਾਹਿਬ ਜੀ ਦੀ ਬਾਣੀ ਦਰਜ ਕਰਕੇ ਪਾਵਨ ਸਰੂਪ ਨੂੰ ਸੰਪੂਰਨਤਾ ਬਖ਼ਸ਼ਿਸ਼ ਕੀਤੀ ਗਈ।	Sampooranta Divas of Sri Guru Granth Sahib Ji commemorates the completion of the final, authoritative recension of the holy scripture (Damdami Bir) in 1706 CE at Takht Sri Damdama Sahib (Talwandi Sabo) by the Tenth Master, Sri Guru Gobind Singh Ji. Dictated entirely from his divine memory to Bhai Mani Singh Ji with Baba Deep Singh Ji preparing the ink and paper, Guru Ji incorporated the sacred Gurbani of his father, the Ninth Master Sri Guru Tegh Bahadur Ji, declaring the compilation complete and holy for all eternity.	श्री गुरु ग्रंथ साहिब जी का संपूर्णता दिवस 1706 ईस्वी में तख्त श्री दमदमा साहिब (तलवंडी साबो) में दशमेश पिता श्री गुरु गोबिंद सिंह जी द्वारा पावन स्वरूप (दमदमी बीड़) की संपूर्णता का ऐतिहासिक दिवस है। गुरु साहिब ने अपनी स्मृति से संपूर्ण वाणी का उच्चारण किया और भाई मणि सिंह जी ने इसे लिपिबद्ध किया। इसमें नौवें पातशाह श्री गुरु तेग बहादुर साहिब जी की वाणी सम्मिलित कर पावन ग्रंथ को पूर्णता प्रदान की गई।
53	GURU_GRANTH_SAHIB_BIRTH	GURU_GRANTH_SAHIB	1	1	95	Guru_Granth_Sahib	ਪ੍ਰਕਾਸ਼ ਪੁਰਬ ਸ੍ਰੀ ਗੁਰੂ ਗ੍ਰੰਥ ਸਾਹਿਬ ਜੀ	Prakash Purab (Birth Anniversary) of Sri Guru Granth Sahib Ji	प्रकाश पुरब श्री गुरु ग्रंथ साहिब जी	ਸ੍ਰੀ ਗੁਰੂ ਗ੍ਰੰਥ ਸਾਹਿਬ ਜੀ ਦਾ ਪਹਿਲਾ ਪ੍ਰਕਾਸ਼ ਪੁਰਬ। ਭਾਦੋਂ ਸੁਦੀ ਏਕਮ (1604 ਈ.) ਨੂੰ ਸ੍ਰੀ ਹਰਿਮੰਦਰ ਸਾਹਿਬ (ਸ੍ਰੀ ਅੰਮ੍ਰਿਤਸਰ) ਵਿਖੇ ਪੰਚਮ ਪਾਤਸ਼ਾਹ ਸ੍ਰੀ ਗੁਰੂ ਅਰਜਨ ਦੇਵ ਜੀ ਵੱਲੋਂ ਪਾਵਨ ਆਦਿ ਗ੍ਰੰਥ ਸਾਹਿਬ ਜੀ ਦਾ ਪਹਿਲਾ ਪ੍ਰਕਾਸ਼ ਕੀਤਾ ਗਿਆ। ਗੁਰੂ ਸਾਹਿਬਾਨ, 15 ਭਗਤਾਂ, 11 ਭੱਟਾਂ ਅਤੇ ਗੁਰਸਿੱਖਾਂ ਦੀ ਬਾਣੀ ਨੂੰ ਸੰਕਲਿਤ ਕਰਕੇ ਬਾਬਾ ਬੁੱਢਾ ਜੀ ਨੂੰ ਪਹਿਲੇ ਮੁੱਖ ਗ੍ਰੰਥੀ ਥਾਪਿਆ ਗਿਆ, ਜਿਨ੍ਹਾਂ ਨੇ ਪਾਵਨ ਸਰੂਪ ਨੂੰ ਸੀਸ 'ਤੇ ਸੁਭਾਇਮਾਨ ਕੀਤਾ ਅਤੇ ਗੁਰੂ ਅਰਜਨ ਦੇਵ ਜੀ ਨੇ ਆਪ ਚੌਰ ਸਾਹਿਬ ਦੀ ਸੇਵਾ ਨਿਭਾਈ।	Prakash Purab of Sri Guru Granth Sahib Ji commemorates the historic Pehla Prakash (first installation) of the sacred Adi Granth at Sri Harmandir Sahib, Amritsar in 1604 CE (Bhadon Sudi 1). Compiled with divine devotion by Sri Guru Arjan Dev Ji at Gurdwara Ramsar Sahib, enshrining the hymns of the Sikh Gurus, 15 Bhagats, 11 Bhatts, and Gursikhs, revered Baba Budha Ji carried the sacred scripture upon his head as the first Head Granthi, while Guru Arjan Dev Ji waved the Chaur Sahib, imparting the universal message of 'Ek Onkar' to all humanity.	श्री गुरु ग्रंथ साहिब जी का पहला प्रकाश पर्व। 1604 ईस्वी में भादों सुदी एकम को श्री हरिमंदिर साहिब (श्री अमृतसर) में पंचम पातशाह श्री गुरु अर्जन देव जी द्वारा पावन आदि ग्रंथ साहिब जी का प्रथम प्रकाश किया गया। गुरु साहिबान, 15 भगतों, 11 भट्टों और गुरसिखों की पवित्र वाणी संकलित कर पूज्य बाबा बुड्ढा जी को प्रथम मुख्य ग्रंथी नियुक्त किया गया, जिन्होंने पावन स्वरूप शीश पर धारण किया और गुरु अर्जन देव जी ने स्वयं चंवर की सेवा की।
54	GURU_ARJAN_DEV_THRONE	GURU_ARJAN_DEV	3	1	85	Guru_Arjan	ਗੁਰਗੱਦੀ ਦਿਵਸ ਗੁਰੂ ਅਰਜਨ ਦੇਵ ਜੀ	Gurgaddi Diwas Guru Arjan Dev Ji	गुरगद्दी दिवस गुरु अर्जन देव जी	ਪੰਚਮ ਪਾਤਸ਼ਾਹ ਸ੍ਰੀ ਗੁਰੂ ਅਰਜਨ ਦੇਵ ਜੀ ਦਾ ਪਾਵਨ ਗੁਰਗੱਦੀ ਦਿਵਸ (1581)। ਸ੍ਰੀ ਗੋਇੰਦਵਾਲ ਸਾਹਿਬ ਵਿਖੇ ਚੌਥੇ ਪਾਤਸ਼ਾਹ ਸ੍ਰੀ ਗੁਰੂ ਰਾਮਦਾਸ ਜੀ ਨੇ ਆਪ ਜੀ ਦੀ ਨਿਮਰਤਾ, ਰੂਹਾਨੀ ਵਿਸ਼ਾਲਤਾ ਅਤੇ ਅਥਾਹ ਸੇਵਾ ਭਾਵਨਾ ਨੂੰ ਦੇਖਦਿਆਂ ਪੰਜ ਪੈਸੇ ਤੇ ਨਾਰੀਅਲ ਭੇਟ ਕਰਕੇ ਗੁਰਿਆਈ ਦੀ ਪਵਿੱਤਰ ਜ਼ਿੰਮੇਵਾਰੀ ਸੌਂਪੀ ਅਤੇ ਬਾਬਾ ਬੁੱਢਾ ਜੀ ਨੇ ਗੁਰਤਾ ਦਾ ਤਿਲਕ ਲਗਾਇਆ। ਇਸ ਪਾਵਨ ਦਿਨ ਨੇ ਸ੍ਰੀ ਹਰਿਮੰਦਰ ਸਾਹਿਬ ਦੀ ਉਸਾਰੀ ਅਤੇ ਆਦਿ ਗ੍ਰੰਥ ਸਾਹਿਬ ਜੀ ਦੇ ਸੰਕਲਨ ਦਾ ਮਾਰਗ ਖੋਲ੍ਹਿਆ।	Gurgaddi Diwas of the Fifth Master, Sri Guru Arjan Dev Ji (1581) at Goindval Sahib. His father, the Fourth Guru Sri Guru Ram Das Ji, recognized his profound humility, spiritual depth, and devotion over worldly deceit, bestowing the eternal Guruship upon him with five copper coins and a coconut. Baba Budha Ji applied the ceremonial Tilak, marking the start of a monumental era of scripture compilation and the construction of Sri Harmandir Sahib.	पंचम पातशाह श्री गुरु अर्जन देव जी का पावन गुरगद्दी दिवस (1581)। श्री गोइंदवाल साहिब में चौथे पातशाह श्री गुरु रामदास जी ने आपकी विनम्रता और अनन्य भक्ति को देखते हुए पांच पैसे और नारियल भेंट कर गुरगद्दी सौंपी तथा बाबा बुड्ढा जी ने तिलक लगाया। यह ऐतिहासिक दिन श्री हरिमंदिर साहिब के निर्माण और पवित्र आदि ग्रंथ साहिब जी के संकलन की नींव बना।
55	GURU_RAM_DAS_JOTI_JOT	GURU_RAM_DAS	5	1	0	Guru_Ram_Das	ਜੋਤੀ-ਜੋਤਿ ਗੁਰੂ ਰਾਮ ਦਾਸ ਜੀ	Jyoti-Jyot (Passing Away) of Guru Ram Das Ji	ज्योति ज्योत गुरु राम दास जी	ਚੌਥੇ ਪਾਤਸ਼ਾਹ ਸ੍ਰੀ ਗੁਰੂ ਰਾਮਦਾਸ ਜੀ (1534-1581) ਦਾ ਜੋਤੀ ਜੋਤਿ ਦਿਵਸ। ਸ੍ਰੀ ਗੋਇੰਦਵਾਲ ਸਾਹਿਬ ਵਿਖੇ ਸੱਚਖੰਡ ਗਮਨ ਕਰਨ ਤੋਂ ਪਹਿਲਾਂ, ਆਪ ਜੀ ਨੇ ਸ੍ਰੀ ਅੰਮ੍ਰਿਤਸਰ (ਚੱਕ ਰਾਮਦਾਸ) ਨਗਰ ਵਸਾਇਆ, ਅੰਮ੍ਰਿਤ ਸਰੋਵਰ ਦੀ ਖੁਦਾਈ ਕਰਵਾਈ ਅਤੇ ਆਨੰਦ ਕਾਰਜ ਲਈ ਪਾਵਨ ਚਾਰ ਲਾਵਾਂ ਦੀ ਬਾਣੀ ਰਚੀ। ਆਪ ਜੀ ਨੇ ਆਪਣੇ ਛੋਟੇ ਸਪੁੱਤਰ ਸ੍ਰੀ ਗੁਰੂ ਅਰਜਨ ਦੇਵ ਜੀ ਨੂੰ ਗੁਰਗੱਦੀ ਸੌਂਪ ਕੇ ਜੋਤੀ ਜੋਤਿ ਸਮਾਏ।	Joti Jot (merging with the Divine Light) of the Fourth Master, Sri Guru Ram Das Ji (1534–1581). Passing away at Sri Goindval Sahib after an illustrious Guruship during which he founded Sri Amritsar (Chakk Ramdas), excavated the sacred Amrit Sarovar, composed the sacred Four Laavaan (Sikh marriage ceremony), and organized the Masand system, he nominated his youngest son Sri Guru Arjan Dev Ji as his successor, continuing the divine lineage of Guruship.	चौथे पातशाह श्री गुरु रामदास जी (1534-1581) का ज्योति ज्योत दिवस। श्री गोइंदवाल साहिब में परम ज्योति में लीन होने से पूर्व, आपने पवित्र अमृतसर नगर बसाया, अमृत सरोवर का निर्माण करवाया और आनंद कारज के लिए चार लावों की वाणी रची। आपने अपने सुपुत्र श्री गुरु अर्जन देव जी को गुरगद्दी सौंपकर गुरु-परंपरा को आगे बढ़ाया।
56	GURU_AMAR_DAS_JOTI_JOT	GURU_AMAR_DAS	5	1	0	Guru_Amar_Das	ਜੋਤੀ-ਜੋਤਿ ਗੁਰੂ ਅਮਰ ਦਾਸ ਜੀ	Jyoti-Jyot (Passing Away) of Guru Amar Das Ji	ज्योति ज्योत गुरु अमर दास जी	ਤੀਜੇ ਪਾਤਸ਼ਾਹ ਸ੍ਰੀ ਗੁਰੂ ਅਮਰਦਾਸ ਜੀ (1479-1574) ਦਾ ਜੋਤੀ ਜੋਤਿ ਦਿਵਸ। 95 ਵਰ੍ਹਿਆਂ ਦੀ ਉਮਰ ਵਿੱਚ ਸ੍ਰੀ ਗੋਇੰਦਵਾਲ ਸਾਹਿਬ ਵਿਖੇ ਸੱਚਖੰਡ ਪਿਆਨਾ ਕਰਨ ਸਮੇਂ, ਆਪ ਜੀ ਨੇ ਥੜ੍ਹਿਆਂ ਦੀ ਪਰੀਖਿਆ ਲੈ ਕੇ ਭਾਈ ਜੇਠਾ ਜੀ (ਸ੍ਰੀ ਗੁਰੂ ਰਾਮਦਾਸ ਜੀ) ਦੀ ਅਥਾਹ ਨਿਮਰਤਾ ਤੇ ਸਬਰ ਨੂੰ ਦੇਖਦਿਆਂ ਉਹਨਾਂ ਨੂੰ ਚੌਥੇ ਗੁਰੂ ਵਜੋਂ ਗੁਰਗੱਦੀ ਸੌਂਪੀ ਅਤੇ ਸਮੂਹ ਪਰਿਵਾਰ ਤੇ ਸੰਗਤ ਨੂੰ 'ਸਦੁ' ਬਾਣੀ ਅਨੁਸਾਰ ਰੋਣ ਦੀ ਬਜਾਏ ਕੇਵਲ ਪ੍ਰਭੂ ਦਾ ਕੀਰਤਨ ਕਰਨ ਦਾ ਹੁਕਮ ਦਿੱਤਾ।	Joti Jot (merging with the Divine Light) of the Third Master, Sri Guru Amar Das Ji (1479–1574) at Sri Goindval Sahib at the venerable age of 95. After testing the devotion of his sons and sons-in-law by having them build and dismantle platforms, he found Bhai Jetha Ji (Sri Guru Ram Das Ji) supreme in patience, humility, and spiritual devotion, formally anointing him as the Fourth Guru and instructing the Sangat in 'Sadd' Bani to sing only the Lord's praises upon his departure.	तीसरे पातशाह श्री गुरु अमरदास जी (1479-1574) का ज्योति ज्योत दिवस। 95 वर्ष की आयु में श्री गोइंदवाल साहिब में परम ज्योति में लीन होने से पूर्व, आपने भाई जेठा जी (श्री गुरु रामदास जी) के अगाध धैर्य और सेवा-भाव को देखकर उन्हें चौथा गुरु नियुक्त किया और संगत को रोने-धोने के स्थान पर केवल प्रभु कीर्तन का आदेश दिया।
57	JORMELA_KANDH_DEHRA_SAHIB		7	7	0	Gurdwara_Dehra_Sahib	ਜੋੜ ਮੇਲਾ ਗੁਰਦੁਆਰਾ ਕੰਧ ਸਾਹਿਬ (ਬਟਾਲਾ)	Jor Mela Gurdwara Kandh Sahib (Batala)	जोड़ मेला कंध साहिब (बटाला)	ਜੋੜ ਮੇਲਾ ਗੁਰਦੁਆਰਾ ਕੰਧ ਸਾਹਿਬ (ਬਟਾਲਾ) ਸ੍ਰੀ ਗੁਰੂ ਨਾਨਕ ਦੇਵ ਜੀ ਅਤੇ ਮਾਤਾ ਸੁਲੱਖਣੀ ਜੀ ਦੇ ਵਿਆਹ ਪੁਰਬ ਦੀ ਯਾਦ ਵਿੱਚ ਮਨਾਇਆ ਜਾਣ ਵਾਲਾ ਸਾਲਾਨਾ ਜੋੜ ਮੇਲਾ ਹੈ। 1487 ਈਸਵੀ ਵਿੱਚ ਗੁਰੂ ਜੀ ਦੇ ਵਿਆਹ ਸਮੇਂ ਜਿਸ ਕੱਚੀ ਕੰਧ ਨੂੰ ਗੁਰੂ ਸਾਹਿਬ ਉੱਪਰ ਸੁੱਟਣ ਦੀ ਸਾਜ਼ਿਸ਼ ਰਚੀ ਗਈ ਸੀ, ਉਹ ਕੰਧ ਅੱਜ ਵੀ ਸ਼ੀਸ਼ੇ ਦੇ ਅੰਦਰ ਸੁਰੱਖਿਅਤ ਹੈ ਅਤੇ ਗੁਰੂ ਸਾਹਿਬ ਦੀ ਇਲਾਹੀ ਸ਼ਕਤੀ ਦੀ ਗਵਾਹੀ ਭਰਦੀ ਹੈ।	Jor Mela Gurdwara Kandh Sahib (Batala) celebrates the sacred wedding celebrations of Sri Guru Nanak Dev Ji and Mata Sulakhni Ji. The historic mud wall (Kandh) which hostile locals conspired to collapse upon the Guru during his wedding in 1487 still stands preserved under glass inside the Gurdwara, testifying to the miraculous preservation of the True Guru and his eternal teachings.	जोड़ मेला गुरुद्वारा कंध साहिब (बटाला) श्री गुरु नानक देव जी और माता सुलखणी जी के विवाह पर्व की स्मृति में मनाया जाने वाला वार्षिक उत्सव है। 1487 ईस्वी में विवाह के समय जिस कच्ची दीवार को गिराने का षड्यंत्र हुआ था, वह दीवार आज भी शीशे के भीतर सुरक्षित है और गुरु साहिब की दिव्य कृपा का साक्षात प्रमाण है।
58	GURU_NANAK_WEDDING_BATALA	GURU_NANAK_DEV	7	7	0	Guru_Nanak	ਵਿਆਹ ਪੁਰਬ ਸ੍ਰੀ ਗੁਰੂ ਨਾਨਕ ਦੇਵ ਜੀ (ਬਟਾਲਾ)	Wedding Anniversary Sri Guru Nanak Dev Ji (Batala)	विवाह पुरब श्री गुरु नानक देव जी (बटाला)	ਸ੍ਰੀ ਗੁਰੂ ਨਾਨਕ ਦੇਵ ਜੀ ਦਾ ਮਾਤਾ ਸੁਲੱਖਣੀ ਜੀ ਨਾਲ ਵਿਆਹ ਪੁਰਬ (1487 ਈ., ਬਟਾਲਾ)। ਗੁਰੂ ਸਾਹਿਬ ਨੇ ਕਰਮ-ਕਾਂਡੀ ਰਸਮਾਂ ਅਤੇ ਦਾਜ-ਦਹੇਜ ਨੂੰ ਨਕਾਰਦਿਆਂ ਗ੍ਰਹਿਸਥ ਧਰਮ ਨੂੰ ਉੱਤਮ ਦਰਜਾ ਦਿੱਤਾ ਅਤੇ ਸਿਖਾਇਆ ਕਿ ਸੰਸਾਰ ਤਿਆਗ ਕੇ ਜੰਗਲਾਂ ਵਿੱਚ ਭਟਕਣ ਦੀ ਲੋੜ ਨਹੀਂ, ਸਗੋਂ ਪਰਿਵਾਰ ਵਿੱਚ ਰਹਿ ਕੇ ਧਰਮ ਦੀ ਕਿਰਤ ਕਰਦਿਆਂ ਪ੍ਰਭੂ-ਮਿਲਾਪ ਸੰਭਵ ਹੈ।	Wedding Anniversary of Sri Guru Nanak Dev Ji to Mata Sulakhni Ji (daughter of Mool Chand Chauna) in 1487 CE at Batala. Rejecting orthodox ritualism and excessive dowry, Guru Ji sanctified the path of Grihastha (family and social life), teaching that true liberation is achieved through honest labor, charity, and meditation while remaining fully engaged as a householder.	श्री गुरु नानक देव जी और माता सुलखणी जी का विवाह वर्षगांठ दिवस (1487 ईस्वी, बटाला)। गुरु साहिब ने रूढ़िवादी आडंबरों को त्यागकर गृहस्थ धर्म को पवित्र घोषित किया और सिखाया कि संसार का त्याग किए बिना परिवार के दायित्व निभाते हुए भी प्रभु भक्ति की जा सकती है।
59	GURU_RAM_DAS_THRONE	GURU_RAM_DAS	3	1	85	Guru_Ram_Das	ਗੁਰਗੱਦੀ ਦਿਵਸ ਗੁਰੂ ਰਾਮਦਾਸ ਜੀ	Gurgaddi Diwas Guru Ram Das Ji	गुरगद्दी दिवस गुरु रामदास जी	ਚੌਥੇ ਪਾਤਸ਼ਾਹ ਸ੍ਰੀ ਗੁਰੂ ਰਾਮਦਾਸ ਜੀ ਦਾ ਪਾਵਨ ਗੁਰਗੱਦੀ ਦਿਵਸ (1574)। ਲਾਹੌਰ ਵਿਖੇ ਘੁੰਗਣੀਆਂ ਵੇਚਣ ਵਾਲੇ ਯਤੀਮ ਬਾਲਕ ਭਾਈ ਜੇਠਾ ਜੀ ਨੇ ਸ੍ਰੀ ਗੋਇੰਦਵਾਲ ਸਾਹਿਬ ਵਿਖੇ ਨਿਸ਼ਕਾਮ ਸੇਵਾ ਅਤੇ ਅਥਾਹ ਨਿਮਰਤਾ ਨਾਲ ਤੀਜੇ ਪਾਤਸ਼ਾਹ ਸ੍ਰੀ ਗੁਰੂ ਅਮਰਦਾਸ ਜੀ ਦਾ ਦਿਲ ਜਿੱਤਿਆ। ਗੁਰੂ ਸਾਹਿਬ ਨੇ ਉਹਨਾਂ ਨੂੰ ਗੁਰਗੱਦੀ ਬਖ਼ਸ਼ਿਸ਼ ਕੀਤੀ। ਆਪ ਜੀ ਨੇ ਸ੍ਰੀ ਅੰਮ੍ਰਿਤਸਰ ਨਗਰ ਦੀ ਸਥਾਪਨਾ ਕੀਤੀ ਅਤੇ ਆਨੰਦ ਕਾਰਜ ਲਈ ਪਾਵਨ ਚਾਰ ਲਾਵਾਂ ਦੀ ਰਚਨਾ ਕੀਤੀ।	Gurgaddi Diwas of the Fourth Master, Sri Guru Ram Das Ji (1574) at Goindval Sahib. Born as Bhai Jetha Ji, an orphan selling boiled grams (Ghungniyan) at Lahore, his exemplary humility and selfless service won the heart of Guru Amar Das Ji. Appointed as the Fourth Guru, he founded the holy city of Amritsar (Guru Ka Chakk), excavated the sacred Sarovar, and composed the four wedding hymns (Laavaan) defining the Anand Karaj marriage.	चौथे पातशाह श्री गुरु रामदास जी का पावन गुरगद्दी दिवस (1574)। भाई जेठा जी के रूप में आपने श्री गोइंदवाल साहिब में निस्वार्थ सेवा और असीम विनम्रता का परिचय दिया, जिससे प्रसन्न होकर तीसरे पातशाह श्री गुरु अमरदास जी ने उन्हें गुरगद्दी सौंपी। आपने पवित्र अमृतसर नगर की स्थापना की और आनंद कारज के लिए चार लावों की रचना की।
60	JORMELA_BABA_BUDHA_RAMDAS		7	7	0	Baba_Budha	ਜੋੜ ਮੇਲਾ ਬਾਬਾ ਬੁੱਢਾ ਜੀ (ਰਾਮਦਾਸ)	Jor Mela Baba Budha Ji (Ramdas)	जोड़ मेला बाबा बुड्ढा जी (रामदास)	ਬਾਬਾ ਬੁੱਢਾ ਜੀ ਦਾ ਸਾਲਾਨਾ ਜੋੜ ਮੇਲਾ (ਰਾਮਦਾਸ, ਅੰਮ੍ਰਿਤਸਰ) ਬ੍ਰਹਮ-ਗਿਆਨੀ ਬਾਬਾ ਬੁੱਢਾ ਜੀ (1506-1631) ਦੀ ਮਹਾਨ ਘਾਲਣਾ ਨੂੰ ਸਮਰਪਿਤ ਹੈ। ਆਪ ਜੀ ਨੇ ਪਹਿਲੇ ਛੇ ਗੁਰੂ ਸਾਹਿਬਾਨ ਦੇ ਦਰਸ਼ਨ-ਦੀਦਾਰ ਕੀਤੇ ਅਤੇ ਪੰਜ ਗੁਰੂ ਸਾਹਿਬਾਨ ਨੂੰ ਆਪਣੇ ਹੱਥੀਂ ਗੁਰਤਾ ਦਾ ਤਿਲਕ ਲਗਾਉਣ ਦਾ ਸੁਭਾਗ ਪ੍ਰਾਪਤ ਕੀਤਾ। ਆਪ ਜੀ ਨੇ ਆਪਣੇ ਜੀਵਨ ਦੇ ਅੰਤਿਮ ਵਰ੍ਹੇ ਰਾਮਦਾਸ ਨਗਰ ਵਿਖੇ ਸੇਵਾ ਅਤੇ ਸਿਮਰਨ ਵਿੱਚ ਬਿਤਾਏ।	Jor Mela Baba Budha Ji at Ramdas (Amritsar) commemorates the life and immense contributions of the venerable Baba Budha Ji (1506–1631). Living through the era of the first six Gurus and having had the supreme fortune of serving and anointing five Sikh Gurus with the ceremonial Gurgaddi Tilak, he spent his twilight years in spiritual contemplation and community service at Ramdas.	बाबा बुड्ढा जी का वार्षिक जोड़ मेला (रामदास, अमृतसर) ब्रह्मज्ञानी बाबा बुड्ढा जी (1506-1631) की पावन स्मृति में मनाया जाता है। आपने प्रथम छह गुरु साहिबान के पावन दर्शन किए और पांच गुरु साहिबान को अपने कर-कमलों से गुरगद्दी का तिलक लगाने का परम सौभाग्य प्राप्त किया।
61	GURU_ANGAD_DEV_THRONE	GURU_ANGAD_DEV	3	1	85	Guru_Angad	ਗੁਰਗੱਦੀ ਦਿਵਸ ਗੁਰੂ ਅੰਗਦ ਦੇਵ ਜੀ	Gurgaddi Diwas Guru Angad Dev Ji	गुरगद्दी दिवस गुरु अंगद देव जी	ਦੂਜੇ ਪਾਤਸ਼ਾਹ ਸ੍ਰੀ ਗੁਰੂ ਅੰਗਦ ਦੇਵ ਜੀ ਦਾ ਪਾਵਨ ਗੁਰਗੱਦੀ ਦਿਵਸ (1539)। ਸ੍ਰੀ ਕਰਤਾਰਪੁਰ ਸਾਹਿਬ ਵਿਖੇ ਸ੍ਰੀ ਗੁਰੂ ਨਾਨਕ ਦੇਵ ਜੀ ਨੇ ਭਾਈ ਲਹਿਣਾ ਜੀ ਦੀ ਕਠਿਨ ਪ੍ਰੀਖਿਆ ਲੈ ਕੇ, ਉਹਨਾਂ ਦੇ ਅਨਿੰਨ ਸਮਰਪਣ ਤੋਂ ਪ੍ਰਸੰਨ ਹੋ ਕੇ ਪੰਜ ਪੈਸੇ ਤੇ ਨਾਰੀਅਲ ਰੱਖ ਕੇ ਮੱਥਾ ਟੇਕਿਆ ਅਤੇ ਆਪਣੇ ਅੰਗ ਤੋਂ ਪੈਦਾ ਹੋਇਆ ਜਾਣ ਕੇ 'ਅੰਗਦ' ਨਾਮ ਬਖ਼ਸ਼ਿਸ਼ ਕਰਦਿਆਂ ਗੁਰਿਆਈ ਦੀ ਜੋਤ ਸੌਂਪੀ।	Gurgaddi Diwas of the Second Master, Sri Guru Angad Dev Ji (1539) at Kartarpur Sahib. Sri Guru Nanak Dev Ji selected his devoted disciple Bhai Lehna Ji after subjecting him to severe tests of faith and obedience, placed five paise and a coconut before him, bowed down before him, and transmitted the divine Guruship, naming him 'Angad' (born of my own limb).	द्वितीय पातशाह श्री गुरु अंगद देव जी का पावन गुरगद्दी दिवस (1539)। श्री करतारपुर साहिब में श्री गुरु नानक देव जी ने भाई लहणा जी की कठोर परीक्षाएं लेकर उनके पूर्ण समर्पण से प्रसन्न होकर उन्हें नमन किया और अपने अंग का भाग मानकर 'अंगद' नाम देकर गुरगद्दी सौंपी।
62	HIST_SINGH_SABHA_FOUNDATION		7	7	0	Singh_Sabha	ਸਿੰਘ ਸਭਾ ਲਹਿਰ ਸਥਾਪਨਾ ਦਿਵਸ	Singh Sabha Movement Foundation Day	सिंह सभा स्थापना दिवस	ਸਿੰਘ ਸਭਾ ਲਹਿਰ ਸਥਾਪਨਾ ਦਿਵਸ 1 ਅਕਤੂਬਰ 1873 ਨੂੰ ਸ੍ਰੀ ਅੰਮ੍ਰਿਤਸਰ ਦੇ ਮੰਜੀ ਸਾਹਿਬ ਵਿਖੇ ਸਰਦਾਰ ਠਾਕੁਰ ਸਿੰਘ ਸੰਧਾਵਾਲੀਆ ਅਤੇ ਗਿਆਨੀ ਗਿਆਨ ਸਿੰਘ ਦੀ ਅਗਵਾਈ ਹੇਠ ਸ਼ੁਰੂ ਹੋਈ ਸਿੰਘ ਸਭਾ ਲਹਿਰ ਦਾ ਦਿਹਾੜਾ ਹੈ। ਇਸ ਲਹਿਰ ਨੇ ਈਸਾਈ ਮਿਸ਼ਨਰੀਆਂ ਅਤੇ ਆਰੀਆ ਸਮਾਜ ਦੇ ਪ੍ਰਚਾਰ ਦਾ ਮੁਕਾਬਲਾ ਕਰਦਿਆਂ ਸ਼ੁੱਧ ਗੁਰਮਤਿ ਦਾ ਪ੍ਰਚਾਰ ਕੀਤਾ, ਖ਼ਾਲਸਾ ਕਾਲਜ ਅੰਮ੍ਰਿਤਸਰ ਸਮੇਤ ਵਿੱਦਿਅਕ ਅਦਾਰੇ ਸਥਾਪਿਤ ਕੀਤੇ ਅਤੇ ਸਿੱਖੀ ਸਿਧਾਂਤਾਂ ਤੇ ਇਤਿਹਾਸ ਦੀ ਮੁੜ ਬਹਾਲੀ ਕੀਤੀ।	Singh Sabha Movement Foundation Day marks the establishment of the Singh Sabha on October 1, 1873 at Manji Sahib, Amritsar under the leadership of Sardar Thakur Singh Sandhanwalia, Giani Gian Singh, and Prof. Gurmukh Singh. Formed to counter aggressive Christian missionary conversions and Arya Samaj distortions, it revived pure Gurmat principles, established educational institutions like Khalsa College Amritsar, published authoritative Sikh historical literature, and restored Gurdwara sanctity.	सिंह सभा आंदोलन स्थापना दिवस 1 अक्टूबर 1873 को अमृतसर के मंजी साहिब में सरदार ठाकुर सिंह संधावालिया के नेतृत्व में सिंह सभा की स्थापना का प्रतीक है। इस आंदोलन ने ईसाई मिशनरियों और आर्य समाज के दुष्प्रचार का मुकाबला कर शुद्ध गुरमत सिद्धांतों को पुनर्स्थापित किया, खालसा कॉलेज जैसे शिक्षण संस्थान खोले और सिख पहचान को सुदृढ़ किया।
63	GURU_NANAK_DEATH	GURU_NANAK_DEV	5	1	0	Guru_Nanak	ਜੋਤੀ ਜੋਤਿ ਸ੍ਰੀ ਗੁਰੂ ਨਾਨਕ ਦੇਵ ਜੀ	Jyoti Jot Sri Guru Nanak Dev Ji	ज्योति ज्योत श्री गुरु नानक देव जी	ਸਿੱਖ ਧਰਮ ਦੇ ਬਾਨੀ ਅਤੇ ਪਹਿਲੇ ਪਾਤਸ਼ਾਹ ਸ੍ਰੀ ਗੁਰੂ ਨਾਨਕ ਦੇਵ ਜੀ (1469-1539) ਦਾ ਜੋਤੀ ਜੋਤਿ ਦਿਵਸ। ਰਾਵੀ ਦਰਿਆ ਕੰਢੇ ਸ੍ਰੀ ਕਰਤਾਰਪੁਰ ਸਾਹਿਬ ਵਿਖੇ ਕਿਰਤ ਕਰਦਿਆਂ ਅਤੇ ਸੰਗਤ ਨੂੰ ਨਾਮ ਨਾਲ ਜੋੜਦਿਆਂ, ਅੰਤਿਮ ਸਮੇਂ ਆਪ ਜੀ ਨੇ ਭਾਈ ਲਹਿਣਾ ਜੀ ਦੀ ਅਨੰਨ ਸੇਵਾ ਤੇ ਸਮਰਪਣ ਨੂੰ ਪਰਖ ਕੇ ਪੰਜ ਪੈਸੇ ਤੇ ਨਾਰੀਅਲ ਭੇਟ ਕਰਕੇ ਗੁਰਿਆਈ ਸੌਂਪੀ ਅਤੇ 'ਗੁਰੂ ਅੰਗਦ ਦੇਵ ਜੀ' ਨਾਮ ਬਖ਼ਸ਼ ਕੇ ਜੋਤਿ ਤੋਂ ਜੋਤਿ ਜਗਾਈ।	Joti Jot (merging with the Divine Light) of Sri Guru Nanak Dev Ji (1469–1539), the founder of Sikhism and the first Guru. After settling at Kartarpur Sahib (Pakistan) on the banks of the Ravi River, where he lived as a humble farmer and composed profound scriptures, he tested the supreme devotion of Bhai Lehna Ji, placed five paise and a coconut before him, and bestowed the Guruship upon him as Guru Angad Dev Ji, establishing the eternal continuity of the Divine Light.	सिख धर्म के संस्थापक एवं प्रथम पातशाह श्री गुरु नानक देव जी (1469-1539) का ज्योति ज्योत दिवस। रावी नदी के तट पर श्री करतारपुर साहिब में खेती करते हुए और संगत का मार्गदर्शन करते हुए, आपने भाई लहणा जी की अनन्य निष्काम सेवा और समर्पण की परीक्षा लेकर उन्हें गुरगद्दी सौंपी और 'गुरु अंगद देव जी' का नाम देकर दिव्य ज्योति का संचार किया।
64	JORMELA_BABA_BUDHA_THATHA		7	7	0	Baba_Budha	ਜੋੜ ਮੇਲਾ ਬਾਬਾ ਬੁੱਢਾ ਜੀ (ਠੱਠਾ)	Jor Mela Baba Budha Ji (Thatha)	जोड़ मेला बाबा बुड्ढा जी (ठट्ठा)	ਗੁਰਦੁਆਰਾ ਬੀੜ ਬਾਬਾ ਬੁੱਢਾ ਜੀ ਠੱਠਾ (ਝਬਾਲ, ਅੰਮ੍ਰਿਤਸਰ) ਦਾ ਸਾਲਾਨਾ ਜੋੜ ਮੇਲਾ ਉਸ ਪਾਵਨ ਘਟਨਾ ਦੀ ਯਾਦ ਦਿਵਾਉਂਦਾ ਹੈ ਜਦੋਂ ਪੰਚਮ ਪਾਤਸ਼ਾਹ ਸ੍ਰੀ ਗੁਰੂ ਅਰਜਨ ਦੇਵ ਜੀ ਦੇ ਮਹਿਲ ਮਾਤਾ ਗੰਗਾ ਜੀ ਨਿਮਰਤਾ ਸਹਿਤ ਮਿੱਸੀ ਰੋਟੀ, ਲੱਸੀ ਅਤੇ ਗੰਢਾ (ਪਿਆਜ਼) ਲੈ ਕੇ ਬਾਬਾ ਬੁੱਢਾ ਜੀ ਦੇ ਚਰਨਾਂ ਵਿੱਚ ਪੁੱਜੇ ਸਨ। ਬਾਬਾ ਜੀ ਨੇ ਗੰਢਾ ਭੰਨ ਕੇ ਵਰ ਦਿੱਤਾ ਸੀ ਕਿ ਤੇਰੇ ਘਰ ਅਜਿਹਾ ਬਲਵਾਨ ਯੋਧਾ ਪੁੱਤਰ ਜਨਮ ਲਵੇਗਾ ਜੋ ਦੁਸ਼ਮਣਾਂ ਦੇ ਸਿਰ ਇਸੇ ਤਰ੍ਹਾਂ ਭੰਨੇਗਾ, ਜਿਸ ਸਦਕਾ ਛੇਵੇਂ ਪਾਤਸ਼ਾਹ ਸ੍ਰੀ ਗੁਰੂ ਹਰਿਗੋਬਿੰਦ ਸਾਹਿਬ ਜੀ ਦਾ ਪ੍ਰਕਾਸ਼ ਹੋਇਆ।	Annual religious gathering at Gurdwara Bir Baba Budha Ji in Thatha (Jhabal, Amritsar). It marks the sacred spot where Mata Ganga Ji, consort of Sri Guru Arjan Dev Ji, walked on foot bearing simple Missi Roti, Lassi, and crushed onions to seek the blessings of the venerable Baba Budha Ji. Baba Ji blessed her that she would bear a great warrior Guru who would smash the heads of oppressors just as he smashed the onion, foretelling the advent of Sri Guru Hargobind Sahib Ji.	गुरुद्वारा बीड़ बाबा बुड्ढा जी ठट्ठा (झबाल, अमृतसर) का वार्षिक जोड़ मेला उस पावन घटना का स्मरण कराता है जब पंचम पातशाह श्री गुरु अर्जन देव जी की धर्मपत्नी माता गंगा जी विनम्रतापूर्वक मिस्सी रोटी, लस्सी और प्याज लेकर बाबा बुड्ढा जी से आशीर्वाद लेने पहुंची थीं। बाबा जी ने प्याज फोड़ते हुए वरदान दिया था कि आपके घर एक ऐसा शूरवीर पुत्र जन्मेगा जो शत्रुओं के सिर इसी प्रकार फोड़ेगा, जिसके फलस्वरूप श्री गुरु हरगोविंद साहिब जी का अवतार हुआ।
65	BARSI_SUKHA_JINDA		8	5	0	Harjinder_Singh_Jinda_and_Sukhdev_Singh_Sukha	ਸਾਲਾਨਾ ਬਰਸੀ ਭਾਈ ਹਰਜਿੰਦਰ ਸਿੰਘ ਜਿੰਦਾ ਤੇ ਭਾਈ ਸੁਖਦੇਵ ਸਿੰਘ ਸੁੱਖਾ	Barsi Bhai Harjinder Singh (Jinda) & Bhai Sukhdev Singh (Sukha)	वार्षिक बरसी भाई हरजिंदर सिंह जिंदा व भाई सुखदेव सिंह सुक्खा	ਭਾਈ ਹਰਜਿੰਦਰ ਸਿੰਘ ਜਿੰਦਾ ਅਤੇ ਭਾਈ ਸੁਖਦੇਵ ਸਿੰਘ ਸੁੱਖਾ ਦੀ ਸਾਲਾਨਾ ਬਰਸੀ। ਸਾਬਕਾ ਫ਼ੌਜ ਮੁਖੀ ਜਨਰਲ ਅਰੁਣ ਕੁਮਾਰ ਵੈਦਿਆ ਕਤਲ ਕੇਸ ਵਿੱਚ ਦੋਸ਼ੀ ਠਹਿਰਾਏ ਜਾਣ ਉਪਰੰਤ ਇਹਨਾਂ ਦੋਵਾਂ ਨੂੰ 9 ਅਕਤੂਬਰ 1992 ਨੂੰ ਯਰਵੜਾ ਸੈਂਟਰਲ ਜੇਲ੍ਹ (ਪੁਣੇ) ਵਿੱਚ ਫਾਂਸੀ ਦਿੱਤੀ ਗਈ। ਸ੍ਰੀ ਅਕਾਲ ਤਖ਼ਤ ਸਾਹਿਬ ਵਿਖੇ ਇਹਨਾਂ ਦੀ ਯਾਦ ਵਿੱਚ ਸਾਲਾਨਾ ਅਖੰਡ ਪਾਠ ਸਾਹਿਬ ਦੇ ਭੋਗ ਪਾਏ ਜਾਂਦੇ ਹਨ।	Death anniversary of Bhai Harjinder Singh (Jinda) and Bhai Sukhdev Singh (Sukha), who were executed on October 9, 1992 in Yerwada Central Jail, Pune, following judicial proceedings in the assassination of former Army Chief General A.S. Vaidya. Sri Akal Takht Sahib commemorates their memory annually.	भाई हरजिंदर सिंह जिंदा और भाई सुखदेव सिंह सुक्खा की वार्षिक बरसी। पूर्व सेना प्रमुख जनरल अरुण कुमार वैद्य हत्याकांड के न्यायिक फैसले के तहत 9 अक्टूबर 1992 को यरवदा सेंट्रल जेल (पुणे) में दोनों को फांसी दी गई। श्री अकाल तख्त साहिब पर प्रतिवर्ष उनकी स्मृति में अखंड पाठ साहिब के भोग डाले जाते हैं।
66	HIST_DARBAR_KHALSA_DUSSEHRA		7	7	0	Khalsa	ਦੁਸਹਿਰਾ (ਦਰਬਾਰ ਖ਼ਾਲਸਾ ਸ਼ਸਤਰ ਪੂਜਨ)	Dussehra (Darbar Khalsa Shastar Marag)	दशहरा (दरबार खालसा)	ਦਰਬਾਰ ਖ਼ਾਲਸਾ ਦੁਸਹਿਰਾ ਸਿੱਖ ਕੌਮ ਦੀ ਸ਼ਸਤਰ ਪੂਜਾ ਅਤੇ ਜੰਗੀ ਮਸ਼ਕਾਂ ਦੀ ਅਨੋਖੀ ਪਰੰਪਰਾ ਦਾ ਪ੍ਰਤੀਕ ਹੈ। ਛੇਵੇਂ ਪਾਤਸ਼ਾਹ ਸ੍ਰੀ ਗੁਰੂ ਹਰਿਗੋਬਿੰਦ ਸਾਹਿਬ ਜੀ ਦੇ ਸਮੇਂ ਤੋਂ ਆਰੰਭ ਹੋਈ ਅਤੇ ਦਸਮੇਸ਼ ਪਿਤਾ ਵੱਲੋਂ ਦ੍ਰਿੜ੍ਹ ਕਰਵਾਈ ਗਈ ਇਸ ਮਰਯਾਦਾ ਤਹਿਤ ਤਖ਼ਤ ਸ੍ਰੀ ਹਜ਼ੂਰ ਸਾਹਿਬ, ਸ੍ਰੀ ਅਕਾਲ ਤਖ਼ਤ ਸਾਹਿਬ ਅਤੇ ਨਿਹੰਗ ਸਿੰਘ ਦਲਾਂ ਵਿੱਚ ਸ਼ਸਤਰ ਨਾਮ ਮਾਲਾ ਦੇ ਪਾਠ ਹੁੰਦੇ ਹਨ ਅਤੇ ਨਿਹੰਗ ਸਿੰਘ ਸ਼ਸਤਰਾਂ ਦੀ ਪੂਜਾ ਤੇ ਜੰਗੀ ਕਰਤੱਬ ਵਿਖਾ ਕੇ ਜ਼ੁਲਮ ਦੇ ਖ਼ਾਤਮੇ ਦਾ ਸੰਕਲਪ ਦੁਹਰਾਉਂਦੇ ਹਨ।	Darbar Khalsa Dussehra represents the historic Sikh tradition of celebrating the festival through martial vigilance, Shastar Puja (veneration of weapons as instruments of divine justice), and military exercises. Instituted during the era of the Sixth Master Sri Guru Hargobind Sahib and fortified by Sri Guru Gobind Singh Ji, Sikhs assemble at Takht Sri Hazur Sahib, Sri Akal Takht Sahib, and Nihang Dal centers to recite Shastar Naam Mala and reaffirm their duty as Saint-Soldiers protecting the oppressed.	दरबार खालसा दशहरा सिख परंपरा में शस्त्र पूजा और सैन्य कलाओं के प्रदर्शन का पावन दिन है। छठे पातशाह श्री गुरु हरगोविंद साहिब जी और दशमेश पिता श्री गुरु गोबिंद सिंह जी द्वारा स्थापित मर्यादा के अनुसार तख्त श्री हजूर साहिब और निहंग दलों में शस्त्र नाम माला का पाठ होता है तथा शस्त्रों का पूजन कर मानवता की रक्षा का संकल्प दोहराया जाता है।
67	GURU_HAR_KRISHAN_THRONE	GURU_HAR_KRISHAN	3	1	85	Guru_Har_Krishan	ਗੁਰਗੱਦੀ ਦਿਵਸ ਗੁਰੂ ਹਰਿ ਕ੍ਰਿਸ਼ਨ ਜੀ	Gurgaddi Diwas Guru Har Krishan Ji	गुरगद्दी दिवस गुरु हरि कृष्ण जी	ਅੱਠਵੇਂ ਪਾਤਸ਼ਾਹ ਸ੍ਰੀ ਗੁਰੂ ਹਰਿਕ੍ਰਿਸ਼ਨ ਸਾਹਿਬ ਜੀ ਦਾ ਪਾਵਨ ਗੁਰਗੱਦੀ ਦਿਵਸ (1661)। ਕੀਰਤਪੁਰ ਸਾਹਿਬ ਵਿਖੇ ਸੱਤਵੇਂ ਪਾਤਸ਼ਾਹ ਸ੍ਰੀ ਗੁਰੂ ਹਰਿ ਰਾਇ ਜੀ ਨੇ ਆਪਣੇ ਵੱਡੇ ਸਪੁੱਤਰ ਰਾਮ ਰਾਇ ਵੱਲੋਂ ਔਰੰਗਜ਼ੇਬ ਨੂੰ ਖ਼ੁਸ਼ ਕਰਨ ਲਈ ਬਾਣੀ ਦੀ ਤੁਕ ਬਦਲਣ ਕਾਰਨ ਉਸ ਨੂੰ ਗੁਰਗੱਦੀ ਤੋਂ ਬੇਦਖ਼ਲ ਕਰ ਦਿੱਤਾ ਅਤੇ ਪੰਜ ਸਾਲ ਦੇ ਬਾਲਕ ਹਰਿਕ੍ਰਿਸ਼ਨ ਜੀ ਨੂੰ ਗੁਰਤਾਗੱਦੀ ਬਖ਼ਸ਼ਿਸ਼ ਕਰਕੇ ਸਿੱਧ ਕੀਤਾ ਕਿ ਆਤਮਿਕ ਗਿਆਨ ਉਮਰ ਦਾ ਮੁਥਾਜ ਨਹੀਂ ਹੁੰਦਾ।	Gurgaddi Diwas of the Eighth Master, Sri Guru Har Krishan Ji (1661) at Kiratpur Sahib. The Seventh Master Sri Guru Har Rai Ji, having tested his elder son Ram Rai (who compromised Gurbani to appease Emperor Aurangzeb) and found him unfit, bestowed the Guruship upon his younger son Har Krishan Ji at the tender age of five, affirming that spiritual wisdom transcends chronological age.	आठवें पातशाह श्री गुरु हरि कृष्ण साहिब जी का पावन गुरगद्दी दिवस (1661)। कीरतपुर साहिब में सातवें पातशाह श्री गुरु हरि राय जी ने अपने बड़े पुत्र राम राय द्वारा औरंगजेब के दरबार में वाणी की तुक बदलने पर उसे त्याग दिया और मात्र पांच वर्ष के सुपुत्र हरि कृष्ण जी को गुरगद्दी सौंपी, यह सिद्ध करते हुए कि आत्मिक ज्ञान उम्र की सीमाओं से परे है।
68	GURU_HAR_RAI_JOTI_JOT	GURU_HAR_RAI	5	1	0	Guru_Har_Rai	ਜੋਤੀ-ਜੋਤਿ ਗੁਰੂ ਹਰਿ ਰਾਇ ਜੀ	Jyoti-Jyot (Passing Away) of Guru Har Rai Ji	ज्योति ज्योत गुरु हरि राय जी	ਸੱਤਵੇਂ ਪਾਤਸ਼ਾਹ ਸ੍ਰੀ ਗੁਰੂ ਹਰਿ ਰਾਇ ਜੀ (1630-1661) ਦਾ ਜੋਤੀ ਜੋਤਿ ਦਿਵਸ। ਕੀਰਤਪੁਰ ਸਾਹਿਬ ਵਿਖੇ ਸੱਚਖੰਡ ਗਮਨ ਕਰਨ ਤੋਂ ਪਹਿਲਾਂ, ਆਪ ਜੀ ਨੇ ਦਇਆ, ਨਿਮਰਤਾ, ਜੀਵ-ਰੱਖਿਆ ਅਤੇ 2,200 ਸੈਨਿਕਾਂ ਦੀ ਸ਼ਾਂਤਮਈ ਰੱਖਿਅਕ ਫ਼ੌਜ ਦੀ ਅਗਵਾਈ ਕੀਤੀ। ਆਪ ਜੀ ਨੇ ਆਪਣੇ ਪੰਜ ਸਾਲਾ ਛੋਟੇ ਸਪੁੱਤਰ ਸ੍ਰੀ ਗੁਰੂ ਹਰਿਕ੍ਰਿਸ਼ਨ ਸਾਹਿਬ ਜੀ ਨੂੰ ਗੁਰਿਆਈ ਸੌਂਪ ਕੇ ਜੋਤੀ ਜੋਤਿ ਸਮਾਏ।	Joti Jot (merging with the Divine Light) of the Seventh Master, Sri Guru Har Rai Ji (1630–1661) at Kiratpur Sahib. Known for his supreme compassion, deep humility, environmental stewardship, and maintaining a non-violent standing army of 2,200 horsemen, Guru Ji passed away peacefully after formally anointing his younger son Sri Guru Har Krishan Ji as the Eighth Guru.	सातवें पातशाह श्री गुरु हरि राय जी (1630-1661) का ज्योति ज्योत दिवस। कीरतपुर साहिब में परम ज्योति में लीन होने से पूर्व, आपने दया, करुणा और प्रकृति प्रेम की अनुपम मिसाल पेश की और अपने कनिष्ठ सुपुत्र श्री गुरु हरि कृष्ण साहिब जी को गुरगद्दी सौंपकर ज्योति में प्रवेश किया।
69	GURU_RAM_DAS_BIRTH	GURU_RAM_DAS	1	1	90	Guru_Ram_Das	ਪ੍ਰਕਾਸ਼ ਗੁਰਪੁਰਬ ਗੁਰੂ ਰਾਮਦਾਸ ਜੀ	Prakash Purab Guru Ram Das Ji	प्रकाश पुरब गुरु रामदास जी	ਚੌਥੇ ਪਾਤਸ਼ਾਹ ਸ੍ਰੀ ਗੁਰੂ ਰਾਮਦਾਸ ਜੀ (1534-1581) ਦਾ ਪ੍ਰਕਾਸ਼ ਗੁਰਪੁਰਬ। ਆਪ ਜੀ ਦਾ ਜਨਮ ਚੂਨਾ ਮੰਡੀ (ਲਾਹੌਰ) ਵਿਖੇ ਬਾਬਾ ਹਰੀ ਦਾਸ ਜੀ ਅਤੇ ਮਾਤਾ ਦਇਆ ਕੌਰ (ਅਨੂਪ ਦੇਵੀ) ਜੀ ਦੇ ਗ੍ਰਹਿ ਭਾਈ ਜੇਠਾ ਜੀ ਵਜੋਂ ਹੋਇਆ। ਛੋਟੀ ਉਮਰ ਵਿੱਚ ਮਾਤਾ-ਪਿਤਾ ਦਾ ਸਾਇਆ ਉੱਠਣ ਮਗਰੋਂ ਆਪ ਜੀ ਗੋਇੰਦਵਾਲ ਸਾਹਿਬ ਵਿਖੇ ਗੁਰੂ ਅਮਰਦਾਸ ਜੀ ਦੀ ਸੇਵਾ ਵਿੱਚ ਲੱਗ ਗਏ। ਆਪ ਜੀ ਨੇ ਸ੍ਰੀ ਅੰਮ੍ਰਿਤਸਰ ਨਗਰ ਦੀ ਨੀਂਹ ਰੱਖੀ, ਅੰਮ੍ਰਿਤ ਸਰੋਵਰ ਖੁਦਵਾਇਆ ਅਤੇ ਆਨੰਦ ਕਾਰਜ ਲਈ ਪਾਵਨ ਲਾਵਾਂ ਦੀ ਰਚਨਾ ਕੀਤੀ।	Prakash Purab of the Fourth Master, Sri Guru Ram Das Ji (1534–1581), born as Bhai Jetha Ji at Chuna Mandi, Lahore to Hari Das Ji and Mata Daya Kaur (Anup Devi) Ji. After an arduous childhood selling boiled pulses, he found refuge in the service of Guru Amar Das Ji at Goindval Sahib. Ascending to the Guruship, he founded Sri Amritsar (Chakk Ramdas), excavated the sacred Amrit Sarovar, composed the Four Laavaan hymns for Sikh marriages, and revealed over 600 sublime hymns in Sri Guru Granth Sahib Ji.	चौथे पातशाह श्री गुरु रामदास जी (1534-1581) का प्रकाश गुरपुरब। आपका जन्म चूना मंडी (लाहौर) में बाबा हरिदास जी और माता दया कौर जी के घर भाई जेठा जी के रूप में हुआ। आपने श्री गोइंदवाल साहिब में तीसरे पातशाह की अनथक सेवा की। गुरु पद पर आसीन होकर आपने पवित्र अमृतसर नगर की स्थापना की, सरोवर खुदवाया और विवाह संस्कार हेतु चार लावों की रचना की।
70	GURU_GRANTH_SAHIB_THRONE	GURU_GRANTH_SAHIB	3	1	95	Guru_Granth_Sahib	ਗੁਰਗੱਦੀ ਦਿਵਸ ਸ੍ਰੀ ਗੁਰੂ ਗ੍ਰੰਥ ਸਾਹਿਬ ਜੀ	Gurgaddi Diwas (Enthronement) of Sri Guru Granth Sahib Ji	गुरगद्दी दिवस श्री गुरु ग्रंथ साहिब जी	ਸ੍ਰੀ ਗੁਰੂ ਗ੍ਰੰਥ ਸਾਹਿਬ ਜੀ ਦਾ ਪਾਵਨ ਗੁਰਗੱਦੀ ਦਿਵਸ (1708)। ਤਖ਼ਤ ਸੱਚਖੰਡ ਸ੍ਰੀ ਹਜ਼ੂਰ ਸਾਹਿਬ (ਨਾਦੇੜ) ਵਿਖੇ ਦਸਮੇਸ਼ ਪਿਤਾ ਸ੍ਰੀ ਗੁਰੂ ਗੋਬਿੰਦ ਸਿੰਘ ਜੀ ਨੇ ਦੇਹਧਾਰੀ ਗੁਰੂ ਪਰੰਪਰਾ ਨੂੰ ਸਮਾਪਤ ਕਰਦਿਆਂ ਪਾਵਨ ਗ੍ਰੰਥ ਸਾਹਿਬ ਅੱਗੇ ਸੀਸ ਨਿਵਾਇਆ ਅਤੇ ਸਦਾ ਲਈ ਗੁਰਿਆਈ ਬਖ਼ਸ਼ਿਸ਼ ਕੀਤੀ: 'ਸਭ ਸਿੱਖਨ ਕਉ ਹੁਕਮ ਹੈ ਗੁਰੂ ਮਾਨਿਓ ਗ੍ਰੰਥ॥' ਸ੍ਰੀ ਗੁਰੂ ਗ੍ਰੰਥ ਸਾਹਿਬ ਜੀ ਦਸਾਂ ਪਾਤਸ਼ਾਹੀਆਂ ਦੀ ਆਤਮਿਕ ਜੋਤ ਅਤੇ ਸਿੱਖ ਕੌਮ ਦੇ ਜਾਗਤ ਜੋਤਿ ਪ੍ਰਤੱਖ ਗੁਰੂ ਹਨ।	Gurgaddi Diwas of Sri Guru Granth Sahib Ji (1708). At Takht Sachkhand Sri Hazur Sahib, Nanded, the tenth master, Sri Guru Gobind Singh Ji, bowed before the sacred scripture, ending the line of human Gurus and bestowing the eternal Guruship upon the Granth: 'Sabh Sikhan Kau Hukam Hai Guru Manyo Granth'. Sri Guru Granth Sahib Ji is the living, eternal Spiritual Guide of the Sikhs, embodying the Divine Light (Jot) of all ten Gurus.	श्री गुरु ग्रंथ साहिब जी का पावन गुरगद्दी दिवस (1708)। तख्त सचखंड श्री हजूर साहिब (नांदेड़) में दशमेश पिता श्री गुरु गोबिंद सिंह जी ने देहधारी गुरु परंपरा को समाप्त कर पावन ग्रंथ साहिब के समक्ष शीश नवाया और शाश्वत गुरुता प्रदान की: 'सभ सिक्खन कउ हुकम है गुरु मानिओ ग्रंथ॥' श्री गुरु ग्रंथ साहिब जी दसों पातशाहियों की आत्मिक ज्योति और सिख कौम के जागृत ज्योत प्रत्यक्ष गुरु हैं।
71	GURU_GOBIND_SINGH_JOTI_JOT	GURU_GOBIND_SINGH	5	1	0	Guru_Gobind_Singh	ਜੋਤੀ-ਜੋਤਿ ਗੁਰੂ ਗੋਬਿੰਦ ਸਿੰਘ ਜੀ	Jyoti-Jyot (Passing Away) of Guru Gobind Singh Ji	ज्योति ज्योत गुरु गोबिंद सिंह जी	ਦਸਮੇਸ਼ ਪਿਤਾ ਸਰਬੰਸਦਾਨੀ ਸ੍ਰੀ ਗੁਰੂ ਗੋਬਿੰਦ ਸਿੰਘ ਜੀ (1666-1708) ਦਾ ਜੋਤੀ ਜੋਤਿ ਦਿਵਸ। ਨੰਦੇੜ (ਮਹਾਂਰਾਸ਼ਟਰ) ਵਿਖੇ ਸਰਹਿੰਦ ਦੇ ਸੂਬੇਦਾਰ ਵਜ਼ੀਰ ਖ਼ਾਨ ਦੇ ਭੇਜੇ ਪਠਾਣਾਂ ਵੱਲੋਂ ਧੋਖੇ ਨਾਲ ਕੀਤੇ ਵਾਰ ਤੋਂ ਬਾਅਦ, ਆਪ ਜੀ ਦੇ ਜ਼ਖ਼ਮ ਮੁੜ ਉੱਘੜ ਆਏ। ਸੱਚਖੰਡ ਗਮਨ ਤੋਂ ਪਹਿਲਾਂ ਆਪ ਜੀ ਨੇ ਸ੍ਰੀ ਗੁਰੂ ਗ੍ਰੰਥ ਸਾਹਿਬ ਜੀ ਅੱਗੇ ਪੰਜ ਪੈਸੇ ਤੇ ਨਾਰੀਅਲ ਭੇਟ ਕਰਕੇ ਮੱਥਾ ਟੇਕਿਆ, ਦੇਹਧਾਰੀ ਗੁਰੂ ਦੀ ਪ੍ਰਥਾ ਸਮਾਪਤ ਕਰਕੇ ਪੰਥ ਨੂੰ ਸ਼ਬਦ-ਗੁਰੂ ਦੇ ਲੜ ਲਾਇਆ ਅਤੇ ਜੋਤੀ ਜੋਤਿ ਸਮਾਏ।	Joti Jot (merging with the Divine Light) of the Tenth Master, Sri Guru Gobind Singh Ji (1666–1708). Attacked while resting at Nanded (Maharashtra) by two Pathan assassins dispatched by Nawab Wazir Khan of Sirhind, the Guru slew the attacker. After his surgical wounds reopened, Guru Ji placed five paise and a coconut before Sri Guru Granth Sahib Ji, bowed in total reverence, and declared the Holy Scripture as the eternal living Guru of the Khalsa Panth before physically departing for Sachkhand.	दशमेश पिता सर्वंशदानी श्री गुरु गोबिंद सिंह जी (1666-1708) का ज्योति ज्योत दिवस। नांदेड़ (महाराष्ट्र) में सरहिंद के नवाब के भेजे षड्यंत्रकारियों द्वारा किए गए घातक वार के उपरांत, आपने सचखंड गमन से पूर्व श्री गुरु ग्रंथ साहिब जी के समक्ष पांच पैसे और नारियल रखकर शीश नवाया, देहधारी गुरु की परंपरा समाप्त कर पंथ को शाश्वत शब्द-गुरु के चरणों से जोड़ा और ज्योति में लीन हुए।
72	HIST_SAKA_PANJA_SAHIB		7	7	0	Saka_Panja_Sahib	ਸਾਕਾ ਪੰਜਾ ਸਾਹਿਬ	Saka Panja Sahib	साका पंजा साहिब	ਸਾਕਾ ਪੰਜਾ ਸਾਹਿਬ 30 ਅਕਤੂਬਰ 1922 ਨੂੰ ਹਸਨ ਅਬਦਾਲ (ਪਾਕਿਸਤਾਨ) ਰੇਲਵੇ ਸਟੇਸ਼ਨ 'ਤੇ ਵਾਪਰਿਆ ਸਿੱਖੀ ਸਿਦਕ ਤੇ ਸੇਵਾ ਦਾ ਲਾਸਾਨੀ ਸਾਕਾ ਹੈ। ਗੁਰੂ ਕਾ ਬਾਗ਼ ਮੋਰਚੇ ਦੇ ਭੁੱਖੇ-ਤਿਹਾਏ ਕੈਦੀ ਸਿੰਘਾਂ ਨੂੰ ਲੰਗਰ ਛਕਾਉਣ ਲਈ ਜਦੋਂ ਅੰਗਰੇਜ਼ ਹਕੂਮਤ ਨੇ ਗੱਡੀ ਰੋਕਣ ਤੋਂ ਨਾਂਹ ਕਰ ਦਿੱਤੀ, ਤਾਂ ਭਾਈ ਕਰਮ ਸਿੰਘ ਅਤੇ ਭਾਈ ਪ੍ਰਤਾਪ ਸਿੰਘ ਰੇਲ ਦੀ ਪਟੜੀ 'ਤੇ ਚੌਂਕੜਾ ਮਾਰ ਕੇ ਬੈਠ ਗਏ। ਰੇਲ ਗੱਡੀ ਸਿੰਘਾਂ ਨੂੰ ਚੀਰਦੀ ਹੋਈ ਰੁਕ ਗਈ। ਦੋਵੇਂ ਗੁਰਸਿੱਖ ਸ਼ਹੀਦ ਹੋ ਗਏ ਪਰ ਕੈਦੀਆਂ ਨੂੰ ਲੰਗਰ ਛਕਾ ਕੇ ਹੀ ਸਾਹ ਲਿਆ।	Saka Panja Sahib (October 30, 1922) commemorates the supreme non-violent sacrifice of Bhai Karam Singh and Bhai Partap Singh at Hasan Abdal railway station (Pakistan). When British authorities refused to stop a train carrying starving Sikh prisoners arrested during the Guru Ka Bagh Morcha so local Sikhs could serve them Langar, Bhai Karam Singh and Bhai Partap Singh sat cross-legged on the railway tracks in front of the speeding steam engine. The train screechingly halted upon their bodies, but both embraced martyrdom, exemplifying the Khalsa's ultimate dedication to serving the Sangat.	साका पंजा साहिब 30 अक्टूबर 1922 को हसन अब्दाल (पाकिस्तान) स्टेशन पर घटित सेवा और बलिदान का अद्वितीय साका है। गुरु का बाग मोर्चा के भूखे-प्यासे सिख कैदियों को लंगर छकाने के लिए जब अंग्रेजी हुकूमत ने ट्रेन रोकने से इनकार कर दिया, तो भाई करम सिंह और भाई प्रताप सिंह पटरियों पर बैठ गए। ट्रेन उनके ऊपर से गुजरकर रुकी और दोनों ने शहादत देकर कैदी सिंहों को लंगर छकाया।
73	BARSI_BHAI_BEANT_SINGH		8	5	0	Beant_Singh	ਸਾਲਾਨਾ ਬਰਸੀ ਭਾਈ ਬੇਅੰਤ ਸਿੰਘ	Barsi Bhai Beant Singh (Memorial Day)	वार्षिक बरसी भाई बेअंत सिंह	ਭਾਈ ਬੇਅੰਤ ਸਿੰਘ ਦੀ ਸਾਲਾਨਾ ਬਰਸੀ। 31 ਅਕਤੂਬਰ 1984 ਨੂੰ ਨਵੀਂ ਦਿੱਲੀ ਵਿਖੇ ਪ੍ਰਧਾਨ ਮੰਤਰੀ ਇੰਦਰਾ ਗਾਂਧੀ 'ਤੇ ਗੋਲੀਆਂ ਚਲਾਈਆਂ ਗਈਆਂ, ਜਿਸ ਦੌਰਾਨ ਮੌਕੇ 'ਤੇ ਹੀ ਸੁਰੱਖਿਆ ਕਰਮਚਾਰੀਆਂ ਦੀ ਜਵਾਬੀ ਕਾਰਵਾਈ ਵਿੱਚ ਭਾਈ ਬੇਅੰਤ ਸਿੰਘ ਅਕਾਲ ਚਲਾਣਾ ਕਰ ਗਏ। ਸ੍ਰੀ ਅਕਾਲ ਤਖ਼ਤ ਸਾਹਿਬ ਵਿਖੇ ਹਰ ਸਾਲ ਇਸ ਦਿਨ ਨੂੰ ਯਾਦਗਾਰ ਵਜੋਂ ਮਨਾਇਆ ਜਾਂਦਾ ਹੈ।	Commemoration of Bhai Beant Singh. On October 31, 1984, Prime Minister Indira Gandhi was shot in New Delhi in the aftermath of Operation Blue Star. Bhai Beant Singh died at the scene from gunfire by security personnel. This day is commemorated annually at Sri Akal Takht Sahib.	भाई बेअंत सिंह की वार्षिक बरसी। 31 अक्टूबर 1984 को नई दिल्ली में तत्कालीन प्रधानमंत्री इंदिरा गांधी पर गोलीबारी की घटना के दौरान सुरक्षा बलों की जवाबी कार्रवाई में भाई बेअंत सिंह की मृत्यु हुई। श्री अकाल तख्त साहिब द्वारा इस दिन को प्रतिवर्ष स्मरण किया जाता है।
74	GOVT_PUNJABI_SUBA_DIVAS		7	8	0	Punjabi_language	ਪੰਜਾਬੀ ਸੂਬਾ ਦਿਵਸ	Punjabi Suba Divas	पंजाबी सूबा दिवस	ਪੰਜਾਬੀ ਸੂਬਾ ਦਿਵਸ 1 ਨਵੰਬਰ 1966 ਨੂੰ ਭਾਸ਼ਾ ਦੇ ਆਧਾਰ 'ਤੇ ਮੌਜੂਦਾ ਪੰਜਾਬ ਰਾਜ ਦੇ ਪੁਨਰਗਠਨ ਦਾ ਇਤਿਹਾਸਕ ਦਿਹਾੜਾ ਹੈ। ਸ਼੍ਰੋਮਣੀ ਅਕਾਲੀ ਦਲ ਵੱਲੋਂ ਮਾਸਟਰ ਤਾਰਾ ਸਿੰਘ ਅਤੇ ਸੰਤ ਫ਼ਤਹਿ ਸਿੰਘ ਦੀ ਅਗਵਾਈ ਹੇਠ 19 ਸਾਲ ਲੜੇ ਗਏ ਸ਼ਾਂਤਮਈ ਮੋਰਚੇ ਦੌਰਾਨ ਲੱਖਾਂ ਸਿੱਖਾਂ ਨੇ ਗ੍ਰਿਫ਼ਤਾਰੀਆਂ ਦਿੱਤੀਆਂ, ਜਿਸ ਦੇ ਸਿੱਟੇ ਵਜੋਂ ਪੰਜਾਬੀ ਬੋਲਦੇ ਇਲਾਕਿਆਂ ਦਾ ਪੰਜਾਬੀ ਸੂਬਾ ਹੋਂਦ ਵਿੱਚ ਆਇਆ ਅਤੇ ਗੁਰਮੁਖੀ ਨੂੰ ਰਾਜ ਭਾਸ਼ਾ ਦਾ ਦਰਜਾ ਮਿਲਿਆ।	Punjabi Suba Divas marks the formation of modern linguistic Punjab on November 1, 1966. Achieved through a 19-year non-violent democratic struggle led by the Shiromani Akali Dal under leaders Master Tara Singh and Sant Fateh Singh, over 100,000 Sikhs courted arrest demanding a Punjabi-speaking state with Gurmukhi as its official language.	पंजाबी सूबा दिवस 1 नवंबर 1966 को भाषा के आधार पर आधुनिक पंजाब राज्य के गठन का ऐतिहासिक दिवस है। मास्टर तारा सिंह और संत फतेह सिंह के नेतृत्व में 19 वर्षों के शांतिपूर्ण संघर्ष और लाखों सिखों की गिरफ्तारियों के बाद भारत सरकार ने पंजाबी भाषी राज्य को मान्यता दी और गुरमुखी को राजभाषा बनाया।
75	MATA_SAHIBKAUR_BIRTH	MATA_SAHIB_DEVAN	1	4	75	Mata_Sahib_Kaur	ਜਨਮ ਦਿਹਾੜਾ ਮਾਤਾ ਸਾਹਿਬ ਕੌਰ ਜੀ (ਖ਼ਾਲਸੇ ਦੀ ਮਾਤਾ)	Prakash Diwas Mata Sahib Kaur Ji	जन्म दिवस माता साहिब कौर जी	ਖ਼ਾਲਸੇ ਦੀ ਅੰਮ੍ਰਿਤਮਈ ਮਾਤਾ, ਮਾਤਾ ਸਾਹਿਬ ਕੌਰ ਜੀ ਦਾ ਪ੍ਰਕਾਸ਼ ਦਿਹਾੜਾ। ਆਪ ਜੀ ਦਾ ਜਨਮ ਰੋਹਤਾਸ (ਜਿਹਲਮ, ਪਾਕਿਸਤਾਨ) ਵਿਖੇ ਭਾਈ ਰਾਮੂ ਜੀ ਬੱਸੀ ਦੇ ਗ੍ਰਹਿ ਹੋਇਆ। 1699 ਈਸਵੀ ਦੀ ਵਿਸਾਖੀ ਨੂੰ ਖ਼ਾਲਸਾ ਪੰਥ ਦੀ ਸਾਜਨਾ ਸਮੇਂ ਆਪ ਜੀ ਨੇ ਖੰਡੇ ਬਾਟੇ ਦੇ ਅੰਮ੍ਰਿਤ ਵਿੱਚ ਪਤਾਸੇ ਪਾਉਣ ਦੀ ਪਾਵਨ ਸੇਵਾ ਨਿਭਾਈ, ਜਿਸ ਸਦਕਾ ਖ਼ਾਲਸੇ ਨੂੰ ਬਹਾਦਰੀ ਦੇ ਨਾਲ-ਨਾਲ ਦਇਆ ਅਤੇ ਮਿਠਾਸ ਦਾ ਅਸ਼ੀਰਵਾਦ ਮਿਲਿਆ। ਦਸਮੇਸ਼ ਪਿਤਾ ਨੇ ਆਪ ਜੀ ਨੂੰ ਖ਼ਾਲਸੇ ਦੀ ਧਾਰਮਿਕ ਮਾਤਾ ਦਾ ਸਦੀਵੀ ਦਰਜਾ ਬਖ਼ਸ਼ਿਆ।	Prakash Diwas of Mata Sahib Kaur Ji, the spiritual Mother of the Khalsa Panth (Khalse Di Mata). Born in Rohtas (Jhelum, Pakistan) to Bhai Ramu Bassi Ji, she dedicated her life in supreme devotion to Sri Guru Gobind Singh Ji. During the historic Vaisakhi of 1699, she added sugar crystals (Patashas) into the holy iron cauldron of Amrit, ensuring that the warrior Saint-Soldiers of the Khalsa would possess both martial fearlessness (Bir Ras) and infinite sweetness of compassion (Prem Ras).	खालसा पंथ की आध्यात्मिक माता, माता साहिब कौर जी का प्रकाश दिवस। आपका जन्म रोहतास (झेलम, पाकिस्तान) में भाई रामू बस्सी जी के घर हुआ। 1699 ईस्वी की वैसाखी पर खंडे बाटे के अमृत में पतासे मिलाने की पावन सेवा आपने की, जिससे खालसा में शौर्य के साथ-साथ विनम्रता और मिठास का संचार हुआ। दशमेश पिता ने आपको संपूर्ण खालसा की आध्यात्मिक माता का गौरव प्रदान किया।
76	BHAGAT_NAMDEV_BIRTH	BHAGAT_NAMDEV	1	2	70	Bhagat_Namdev	ਪ੍ਰਕਾਸ਼ ਦਿਹਾੜਾ ਭਗਤ ਨਾਮਦੇਵ ਜੀ	Prakash Diwas Bhagat Namdev Ji	जन्म दिवस भगत नामदेव जी	ਭਗਤ ਨਾਮਦੇਵ ਜੀ (1270-1350) ਦਾ ਪ੍ਰਕਾਸ਼ ਦਿਹਾੜਾ, ਜਿਨ੍ਹਾਂ ਦਾ ਜਨਮ ਮਹਾਰਾਸ਼ਟਰ ਵਿਖੇ ਹੋਇਆ ਅਤੇ ਜਿਨ੍ਹਾਂ ਨੇ ਆਪਣੇ ਜੀਵਨ ਦੇ ਅੰਤਿਮ ਦੋ ਦਹਾਕੇ ਪੰਜਾਬ ਦੇ ਪਿੰਡ ਘੁਮਾਣ (ਗੁਰਦਾਸਪੁਰ) ਵਿਖੇ ਗੁਜ਼ਾਰੇ। ਆਪ ਜੀ ਦੀ ਅਨਿੰਨ ਭਗਤੀ ਸਦਕਾ ਮੰਦਰ ਦਾ ਦਿਲ (ਦੇਹੁਰਾ) ਘੁੰਮ ਗਿਆ ਸੀ ਜਦੋਂ ਹੰਕਾਰੀ ਪੁਜਾਰੀਆਂ ਨੇ ਆਪ ਜੀ ਨੂੰ ਨੀਵੀਂ ਜਾਤ ਆਖ ਕੇ ਬਾਹਰ ਕੱਢਿਆ ਸੀ। ਸ੍ਰੀ ਗੁਰੂ ਗ੍ਰੰਥ ਸਾਹਿਬ ਜੀ ਵਿੱਚ ਭਗਤ ਨਾਮਦੇਵ ਜੀ ਦੇ 17 ਰਾਗਾਂ ਵਿੱਚ 61 ਪਾਵਨ ਸ਼ਬਦ ਦਰਜ ਹਨ, ਜੋ ਪ੍ਰਮਾਤਮਾ ਦੀ ਸਰਬ-ਵਿਆਪਕਤਾ ਦਾ ਸੰਦੇਸ਼ ਦਿੰਦੇ ਹਨ।	Prakash Diwas of Bhagat Namdev Ji (1270–1350), the revered saint of Maharashtra who spent over two decades preaching in Punjab at Ghuman (Gurdaspur). Known for his total love for God, through which the temple rotated towards him when expelled by orthodox priests ('Hasti Krodh Pareela, Pher Dia Dehura'), 61 of his sacred hymns are enshrined in Sri Guru Granth Sahib Ji across 17 Raags, celebrating the omnipresent Lord who pervades all creation.	भगत नामदेव जी (1270-1350) का प्रकाश दिवस, जिनका जन्म महाराष्ट्र में हुआ और जिन्होंने अपने जीवन के अंतिम दो दशक पंजाब के घुमाण (गुरदासपुर) में बिताए। आपकी अनन्य भक्ति के कारण मंदिर का द्वार आपकी ओर घूम गया था जब जातिवादी पुजारियों ने आपको बाहर निकाला था। श्री गुरु ग्रंथ साहिब जी में 17 रागों में आपके 61 पावन पद दर्ज हैं, जो कण-कण में ईश्वर की व्यापकता का संदेश देते हैं।
77	HIST_BANDI_CHHOR_DIVAS		7	7	0	Bandi_Chhor_Divas	ਬੰਦੀ ਛੋੜ ਦਿਵਸ (ਦੀਵਾਲੀ)	Bandi Chhor Divas (Diwali)	बंदी छोड़ दिवस (दीवाली)	ਬੰਦੀ ਛੋੜ ਦਿਵਸ (ਦੀਵਾਲੀ) ਛੇਵੇਂ ਪਾਤਸ਼ਾਹ ਸ੍ਰੀ ਗੁਰੂ ਹਰਿਗੋਬਿੰਦ ਸਾਹਿਬ ਜੀ ਵੱਲੋਂ 1619 ਈਸਵੀ ਵਿੱਚ ਗਵਾਲੀਅਰ ਦੇ ਕਿਲ੍ਹੇ ਵਿੱਚੋਂ 52 ਨਿਰਦੋਸ਼ ਹਿੰਦੂ ਪਹਾੜੀ ਰਾਜਿਆਂ ਨੂੰ ਰਿਹਾਅ ਕਰਵਾ ਕੇ ਲਿਆਉਣ ਦਾ ਇਤਿਹਾਸਕ ਦਿਹਾੜਾ ਹੈ। ਬਾਦਸ਼ਾਹ ਜਹਾਂਗੀਰ ਵੱਲੋਂ ਰਿਹਾਈ ਦੀ ਸ਼ਰਤ 'ਤੇ ਗੁਰੂ ਸਾਹਿਬ ਨੇ 52 ਕਲੀਆਂ ਵਾਲਾ ਚੋਗਾ ਪਹਿਨ ਕੇ ਸਾਰੇ ਰਾਜਿਆਂ ਨੂੰ ਕੈਦ ਵਿੱਚੋਂ ਮੁਕਤ ਕਰਵਾਇਆ ਅਤੇ 'ਦਾਤਾ ਬੰਦੀ ਛੋੜ' ਕਹਾਏ। ਇਸ ਪਾਵਨ ਦਿਨ ਸ੍ਰੀ ਅੰਮ੍ਰਿਤਸਰ ਪਹੁੰਚਣ 'ਤੇ ਸਮੁੱਚੇ ਸ਼ਹਿਰ ਅਤੇ ਸ੍ਰੀ ਹਰਿਮੰਦਰ ਸਾਹਿਬ ਵਿੱਚ ਘਿਓ ਦੇ ਦੀਵੇ ਬਾਲ ਕੇ ਰੌਸ਼ਨੀ ਕੀਤੀ ਗਈ, ਜਿਸ ਤੋਂ ਕਹਾਵਤ ਬਣੀ 'ਦਾਲ ਰੋਟੀ ਘਰ ਦੀ, ਦੀਵਾਲੀ ਅੰਮ੍ਰਿਤਸਰ ਦੀ'।	Bandi Chhor Divas (Day of Liberation) celebrates the triumphant release of the Sixth Master, Sri Guru Hargobind Sahib Ji, from Gwalior Fort in 1619 CE along with 52 imprisoned Hindu Rajput hill kings. Granted release by Emperor Jahangir, Guru Ji refused to leave unless the innocent captive kings were freed as well. Jahangir agreed on condition that only those holding his cloak could leave; Guru Ji had a special robe tailored with 52 long tassels (Kalian), liberating all 52 kings. Arriving at Sri Harmandir Sahib on Diwali night, the city of Amritsar was illuminated with countless earthen lamps (deepaks), symbolizing the triumph of justice and liberty over oppression.	बंदी छोड़ दिवस (दीवाली) छठे पातशाह श्री गुरु हरगोविंद साहिब जी द्वारा 1619 ईस्वी में ग्वालियर के किले से 52 हिंदू राजाओं को मुक्त कराकर अमृतसर आगमन का ऐतिहासिक पर्व है। गुरु साहिब ने 52 कलियों वाला विशेष चोगा पहनकर सभी बंदी राजाओं को छुड़वाया और 'दाता बंदी छोड़' कहलाए। अमृतसर आगमन पर हरिमंदिर साहिब में दीपमाला की गई, जो अत्याचार पर न्याय और मानवता की विजय का शाश्वत प्रतीक है।
78	BIRTH_SANT_KARTAR_BHINDRANWALE		1	5	0	Damdami_Taksal	ਜਨਮ ਦਿਹਾੜਾ ਸੰਤ ਕਰਤਾਰ ਸਿੰਘ ਜੀ ਖ਼ਾਲਸਾ ਭਿੰਡਰਾਂਵਾਲੇ	Birth of Sant Kartar Singh Bhindranwale	जन्म दिवस संत करतार सिंह भिंडरावाले	ਦਮਦਮੀ ਟਕਸਾਲ ਦੇ 13ਵੇਂ ਮੁਖੀ ਸੰਤ ਗਿਆਨੀ ਕਰਤਾਰ ਸਿੰਘ ਜੀ ਖ਼ਾਲਸਾ ਭਿੰਡਰਾਂਵਾਲੇ (1932-1977) ਦਾ ਜਨਮ ਦਿਹਾੜਾ। ਆਪ ਜੀ ਗੁਰਮਤਿ ਵਿੱਦਿਆ ਅਤੇ ਬਾਣੀ ਦੇ ਪ੍ਰਚੰਡ ਵਿਦਵਾਨ ਸਨ, ਜਿਨ੍ਹਾਂ ਨੇ ਦੇਸ਼ ਭਰ ਵਿੱਚ ਲੱਖਾਂ ਪ੍ਰਾਣੀਆਂ ਨੂੰ ਅੰਮ੍ਰਿਤ ਦੀ ਦਾਤ ਬਖ਼ਸ਼ੀ। 1975 ਵਿੱਚ ਇੰਦਰਾ ਗਾਂਧੀ ਵੱਲੋਂ ਲਾਈ ਗਈ ਐਮਰਜੈਂਸੀ ਦਾ ਡਟ ਕੇ ਵਿਰੋਧ ਕਰਦਿਆਂ ਆਪ ਜੀ ਨੇ 37 ਵਿਸ਼ਾਲ ਜਲੂਸ ਕੱਢੇ ਅਤੇ ਐਲਾਨ ਕੀਤਾ ਕਿ 'ਨਸ-ਨਸ ਕੱਟੀ ਜਾ ਸਕਦੀ ਹੈ ਪਰ ਸਿੱਖੀ ਸਿਦਕ ਨਹੀਂ ਛੱਡਿਆ ਜਾ ਸਕਦਾ'।	Birth of Sant Kartar Singh Ji Khalsa Bhindranwale (1932–1977), the 13th head of Damdami Taksal. A towering scholar of Gurmat and scripture, he led massive Amrit Sanchars across India, fiercely resisted the Emergency imposed in 1975 by taking out 37 anti-Emergency processions with the slogan 'Nas Nas Kat Sakdi Hai, Par Dharam Di Maryada Nahi Chhaddi Ja Sakdi', and nominated Sant Jarnail Singh Ji Khalsa as his successor before passing away in 1977.	दमदमी टकसाल के 13वें मुखी संत ज्ञानी करतार सिंह जी खालसा भिंडरावाले (1932-1977) का जन्म दिवस। आप गुरमत विद्या के प्रकांड विद्वान थे जिन्होंने देश भर में विशाल अमृत संचार लहर चलाई। 1975 के आपातकाल (इमरजेंसी) का निडरता से विरोध करते हुए आपने 37 विशाल विरोध मार्च निकाले और सिख मर्यादा की अडिग रक्षा की।
79	BABA_BUDHA_BIRTH	BABA_BUDHA_JI	1	5	75	Baba_Budha	ਪ੍ਰਕਾਸ਼ ਦਿਹਾੜਾ ਬਾਬਾ ਬੁੱਢਾ ਜੀ	Prakash Diwas Baba Budha Ji	जन्म दिवस बाबा बुड्ढा जी	ਸਿੱਖ ਇਤਿਹਾਸ ਦੇ ਸਤਿਕਾਰਤ ਬ੍ਰਹਮ-ਗਿਆਨੀ ਬਾਬਾ ਬੁੱਢਾ ਜੀ (1506-1631) ਦਾ ਪ੍ਰਕਾਸ਼ ਦਿਹਾੜਾ। ਆਪ ਜੀ ਦਾ ਜਨਮ ਪਿੰਡ ਕੱਥੂਨੰਗਲ (ਅੰਮ੍ਰਿਤਸਰ) ਵਿਖੇ ਭਾਈ ਸੁੱਘਾ ਜੀ ਰੰਧਾਵਾ ਅਤੇ ਮਾਤਾ ਗੌਰਾਂ ਜੀ ਦੇ ਗ੍ਰਹਿ ਬੂੜਾ ਜੀ ਵਜੋਂ ਹੋਇਆ। ਬਚਪਨ ਵਿੱਚ ਗੁਰੂ ਨਾਨਕ ਦੇਵ ਜੀ ਨੂੰ ਦੁੱਧ ਭੇਟ ਕਰਕੇ ਉਮਰ ਤੋਂ ਵੱਡੀਆਂ ਗਿਆਨ ਦੀਆਂ ਗੱਲਾਂ ਕਰਨ 'ਤੇ ਗੁਰੂ ਸਾਹਿਬ ਨੇ ਫ਼ੁਰਮਾਇਆ: 'ਤੂੰ ਤਾਂ ਬਾਲ ਉਮਰ ਵਿੱਚ ਹੀ ਬੁੱਢਿਆਂ (ਸਿਆਣਿਆਂ) ਵਾਂਗ ਗੱਲਾਂ ਕਰਦਾ ਹੈਂ।' ਆਪ ਜੀ ਨੇ ਦੂਜੇ ਪਾਤਸ਼ਾਹ ਤੋਂ ਲੈ ਕੇ ਛੇਵੇਂ ਪਾਤਸ਼ਾਹ ਤੱਕ ਪੰਜ ਗੁਰੂ ਸਾਹਿਬਾਨ ਨੂੰ ਗੁਰਗੱਦੀ ਦਾ ਤਿਲਕ ਲਗਾਇਆ ਅਤੇ 1604 ਵਿੱਚ ਸ੍ਰੀ ਹਰਿਮੰਦਰ ਸਾਹਿਬ ਦੇ ਪਹਿਲੇ ਮੁੱਖ ਗ੍ਰੰਥੀ ਥਾਪੇ ਗਏ।	Prakash Diwas of the venerable Baba Budha Ji (1506–1631), born as Bura in village Katthu Nangal (Amritsar) to Suggha Randhawa Ji and Mata Gauran Ji. Meeting Guru Nanak Dev Ji as a young boy grazing cattle and offering milk with profound wisdom beyond his years, the Guru blessed him: 'You speak like a wise elder (Budha)'. He lived to the age of 125, anointing five successive Gurus (from Guru Angad Dev Ji to Guru Hargobind Ji) and serving as the first Head Granthi of Sri Harmandir Sahib upon the installation of the Adi Granth in 1604.	सिख इतिहास के परम श्रद्धेय ब्रह्मज्ञानी बाबा बुड्ढा जी (1506-1631) का प्रकाश दिवस। आपका जन्म गांव कत्थूनंगल (अमृतसर) में हुआ। बाल्यकाल में श्री गुरु नानक देव जी को दूध अर्पित कर गहरी आध्यात्मिक बातें करने पर गुरु साहिब ने उन्हें 'बुड्ढा' (ज्ञानी वृद्ध) का वरदान दिया। आपने पांच गुरु साहिबान को गुरगद्दी का तिलक लगाया और 1604 ईस्वी में श्री हरिमंदिर साहिब के प्रथम मुख्य ग्रंथी बने।
80	DEATH_JASSA_SINGH_AHLUWALIA	SARDAR_JASSA_SINGH_AHLUWALIA	8	5	0	Jassa_Singh_Ahluwalia	ਅਕਾਲ ਚਲਾਣਾ ਸਰਦਾਰ ਜੱਸਾ ਸਿੰਘ ਆਹਲੂਵਾਲੀਆ	Death Anniversary Sardar Jassa Singh Ahluwalia	बरसी सरदार जस्सा सिंह आहलूवालिया	ਸੁਲਤਾਨ-ਉਲ-ਕੌਮ ਸਰਦਾਰ ਜੱਸਾ ਸਿੰਘ ਆਹਲੂਵਾਲੀਆ (1718-1783) ਦੀ ਬਰਸੀ (ਅੰਤਿਮ ਸਸਕਾਰ ਦਿਵਸ)। ਦਲ ਖ਼ਾਲਸਾ ਦੇ ਇਸ ਮਹਾਨ ਜਰਨੈਲ ਨੇ ਅਹਿਮਦ ਸ਼ਾਹ ਅਬਦਾਲੀ ਅਤੇ ਮੁਗ਼ਲਾਂ ਦੇ ਜ਼ੁਲਮਾਂ ਵਿਰੁੱਧ ਕੌਮ ਦੀ ਅਗਵਾਈ ਕੀਤੀ, ਸ੍ਰੀ ਹਰਿਮੰਦਰ ਸਾਹਿਬ ਦੀ ਪੁਨਰ-ਉਸਾਰੀ ਕਰਵਾਈ ਅਤੇ ਲਾਲ ਕਿਲ੍ਹਾ ਦਿੱਲੀ 'ਤੇ ਖ਼ਾਲਸਾਈ ਨਿਸ਼ਾਨ ਸਾਹਿਬ ਲਹਿਰਾਇਆ। ਆਪ ਜੀ ਦਾ ਅੰਤਿਮ ਸਸਕਾਰ ਸ੍ਰੀ ਅੰਮ੍ਰਿਤਸਰ ਵਿਖੇ ਗੁਰਦੁਆਰਾ ਬਾਬਾ ਅਟੱਲ ਰਾਇ ਜੀ ਦੇ ਨਜ਼ਦੀਕ ਕੀਤਾ ਗਿਆ ਜਿੱਥੇ ਆਪ ਜੀ ਦੀ ਸਮਾਧ ਸੁਸ਼ੋਭਿਤ ਹੈ।	Death Anniversary (Antim Sanskar) of Sultan-ul-Qaum Sardar Jassa Singh Ahluwalia (1718–1783), supreme commander of the Dal Khalsa. Under his military leadership, the Sikhs survived the Holocausts (Ghallugharas), liberated Punjab from the clutches of Ahmed Shah Abdali, built the fortress of Amritsar, and captured Delhi's Red Fort in 1783. He breathed his last at Amritsar and his monument (Samadhi) is located near Gurdwara Baba Atal Rai Sahib.	सुल्तान-उल-कौम सरदार जस्सा सिंह आहलूवालिया (1718-1783) की बरसी (अंतिम संस्कार दिवस)। दल खालसा के इस महान सेनापति ने अहमद शाह अब्दाली के हमलों से पंजाब की रक्षा की, श्री हरिमंदिर साहिब का पुनर्निर्माण करवाया और 1783 में दिल्ली के लाल किले पर खालसा का परचम फहराया। आपकी समाधि श्री अमृतसर में गुरुद्वारा बाबा अटल राय साहिब के समीप स्थित है।
81	BABA_DEEP_SINGH_MARTYRDOM	BABA_DEEP_SINGH	2	5	75	Baba_Deep_Singh	ਸ਼ਹੀਦੀ ਦਿਹਾੜਾ ਬਾਬਾ ਦੀਪ ਸਿੰਘ ਜੀ	Shaheedi Diwas Baba Deep Singh Ji	शहीदी दिवस बाबा दीप सिंह जी	ਅਮਰ ਸ਼ਹੀਦ ਬਾਬਾ ਦੀਪ ਸਿੰਘ ਜੀ (1682-1757), ਦਮਦਮੀ ਟਕਸਾਲ ਦੇ ਪਹਿਲੇ ਮੁਖੀ ਅਤੇ ਮਿਸਲ ਸ਼ਹੀਦਾਂ ਦੇ ਜਥੇਦਾਰ ਦਾ ਸ਼ਹੀਦੀ ਦਿਹਾੜਾ। ਜਦੋਂ ਅਹਿਮਦ ਸ਼ਾਹ ਅਬਦਾਲੀ ਦੇ ਜਰਨੈਲ ਜਹਾਨ ਖ਼ਾਨ ਨੇ ਸ੍ਰੀ ਹਰਿਮੰਦਰ ਸਾਹਿਬ ਦੀ ਬੇਅਦਬੀ ਕੀਤੀ ਅਤੇ ਸਰੋਵਰ ਪੂਰ ਦਿੱਤਾ, ਤਾਂ 75 ਸਾਲਾਂ ਦੇ ਬਿਰਧ ਬਾਬਾ ਜੀ ਨੇ ਖੰਡੇ ਨਾਲ ਲਕੀਰ ਖਿੱਚ ਕੇ ਕੌਮ ਨੂੰ ਲਲਕਾਰਿਆ ਅਤੇ ਸ੍ਰੀ ਦਰਬਾਰ ਸਾਹਿਬ ਨੂੰ ਆਜ਼ਾਦ ਕਰਵਾਉਣ ਦਾ ਪ੍ਰਣ ਲਿਆ। ਗੋਹਲਵਾੜ ਦੇ ਮੈਦਾਨ ਵਿੱਚ ਸੀਸ ਧੜ ਤੋਂ ਅਲੱਗ ਹੋਣ ਦੇ ਬਾਵਜੂਦ, ਬਾਬਾ ਜੀ ਨੇ ਖੱਬੇ ਹੱਥ 'ਤੇ ਸੀਸ ਟਿਕਾ ਕੇ ਸੱਜੇ ਹੱਥ ਨਾਲ ਖੰਡਾ ਵਾਹੁੰਦਿਆਂ ਦੁਸ਼ਮਣਾਂ ਦਾ ਸਫ਼ਾਇਆ ਕੀਤਾ ਅਤੇ ਸ੍ਰੀ ਹਰਿਮੰਦਰ ਸਾਹਿਬ ਦੀ ਪ੍ਰਕਰਮਾ ਵਿੱਚ ਪਹੁੰਚ ਕੇ ਸੀਸ ਭੇਟ ਕੀਤਾ।	Shaheedi Diwas of Baba Deep Singh Ji (1682–1757), the legendary scholar, warrior, and first Jathedar of Damdami Taksal and Shaheedan Misl. Hearing that Afghan general Jahan Khan had desecrated Sri Harmandir Sahib and filled the holy Sarovar with debris, the 75-year-old Baba Ji took a vow to liberate the shrine or die trying, drawing a line with his Khanda and declaring: 'Let only those cross who are ready to sacrifice their heads'. In the fierce Battle of Amritsar (Gohalwar), despite his head being fatally severed, he supported his severed head with his left hand while wielding an 18-ser (approx 14 kg) Khanda in his right, battling through the enemy ranks until placing his head at the Parikrama of Sri Harmandir Sahib.	अमर शहीद बाबा दीप सिंह जी (1682-1757), दमदमी टकसाल के प्रथम मुखी और शहीद मिसल के जत्थेदार का शहीदी दिवस। जब अफगान सेना ने श्री हरिमंदिर साहिब को अपवित्र किया, तो 75 वर्ष की आयु में बाबा जी ने पवित्र सरोवर और हरिमंदिर साहिब को मुक्त कराने की प्रतिज्ञा ली। अमृतसर के युद्ध में शीश कट जाने के बाद भी बाएं हाथ पर शीश रखकर और दाएं हाथ से 14 किलो का खंडा चलाते हुए वे शत्रुओं का संहार करते हुए हरिमंदिर साहिब की परिक्रमा तक पहुंचे और अपना शीश अर्पित किया।
82	HIST_SGPC_FOUNDATION		7	7	0	SGPC	ਸ਼੍ਰੋਮਣੀ ਗੁਰਦੁਆਰਾ ਪ੍ਰਬੰਧਕ ਕਮੇਟੀ (SGPC) ਸਥਾਪਨਾ ਦਿਵਸ	SGPC Foundation Day	एस.जी.पी.सी. स्थापना दिवस	ਸ਼੍ਰੋਮਣੀ ਗੁਰਦੁਆਰਾ ਪ੍ਰਬੰਧਕ ਕਮੇਟੀ (ਐਸ.ਜੀ.ਪੀ.ਸੀ.) ਸਥਾਪਨਾ ਦਿਵਸ। 15 ਨਵੰਬਰ 1920 ਨੂੰ ਸ੍ਰੀ ਅਕਾਲ ਤਖ਼ਤ ਸਾਹਿਬ ਵਿਖੇ ਹੋਏ ਵਿਸ਼ਾਲ ਪੰਥਕ ਇਕੱਠ ਵਿੱਚ ਸਿੱਖ ਗੁਰਦੁਆਰਿਆਂ ਨੂੰ ਭ੍ਰਿਸ਼ਟ ਮਹੰਤਾਂ ਦੇ ਚੁੰਗਲ ਵਿੱਚੋਂ ਆਜ਼ਾਦ ਕਰਵਾਉਣ ਅਤੇ ਗੁਰਮਤਿ ਮਰਯਾਦਾ ਬਹਾਲ ਕਰਨ ਲਈ ਸ਼੍ਰੋਮਣੀ ਕਮੇਟੀ ਦੀ ਨੀਂਹ ਰੱਖੀ ਗਈ। ਸਰਦਾਰ ਸੁੰਦਰ ਸਿੰਘ ਮਜੀਠੀਆ ਇਸ ਦੇ ਪਹਿਲੇ ਪ੍ਰਧਾਨ ਬਣੇ। ਇਹ ਸੰਸਥਾ ਸਿੱਖ ਪਾਰਲੀਮੈਂਟ ਵਜੋਂ ਸਮੁੱਚੇ ਇਤਿਹਾਸਕ ਗੁਰਧਾਮਾਂ ਦੇ ਪ੍ਰਬੰਧ ਦੀ ਜ਼ਿੰਮੇਵਾਰੀ ਸੰਭਾਲਦੀ ਹੈ।	Foundation Day of the Shiromani Gurdwara Parbandhak Committee (SGPC), established on November 15, 1920 at Sri Akal Takht Sahib, Amritsar. Formed during the Gurdwara Reform Movement by a representative congregation of the Panth to liberate Sikh shrines from corrupt hereditary Mahants and imperial government control, the SGPC became the apex democratic representative body of Sikhs, managing historic Gurdwaras under the Sikh Gurdwaras Act of 1925.	शिरोमणि गुरुद्वारा प्रबंधक कमेटी (एसजीपीसी) स्थापना दिवस। 15 नवंबर 1920 को श्री अकाल तख्त साहिब पर विशाल पंथिक सम्मेलन में ऐतिहासिक गुरुद्वारों को भ्रष्ट महंतों के नियंत्रण से मुक्त कराकर गुरुमत मर्यादा स्थापित करने हेतु शिरोमणि कमेटी की स्थापना हुई। यह संस्था सिख कौम की लोकतांत्रिक प्रतिनिधि संस्था के रूप में ऐतिहासिक गुरुधामों का प्रबंधन करती है।
83	SHAHIDI_KARTAR_SINGH_SARABHA	SHAHEED_KARTAR_SINGH_SARABHA	2	5	0	Kartar_Singh_Sarabha	ਸ਼ਹੀਦੀ ਦਿਹਾੜਾ ਸ਼ਹੀਦ ਕਰਤਾਰ ਸਿੰਘ ਸਰਾਭਾ	Shaheedi Diwas Shaheed Kartar Singh Sarabha	शहीदी दिवस शहीद करतार सिंह सराभा	ਗ਼ਦਰ ਪਾਰਟੀ ਦੇ ਬਾਲ-ਜਰਨੈਲ ਸ਼ਹੀਦ ਕਰਤਾਰ ਸਿੰਘ ਸਰਾਭਾ (1896-1915) ਦਾ ਸ਼ਹੀਦੀ ਦਿਹਾੜਾ। ਪਿੰਡ ਸਰਾਭਾ (ਲੁਧਿਆਣਾ) ਵਿਖੇ ਜਨਮੇ ਸਰਾਭੇ ਨੇ ਅਮਰੀਕਾ ਜਾ ਕੇ ਉਚੇਰੀ ਪੜ੍ਹਾਈ ਦੌਰਾਨ 'ਗ਼ਦਰ' ਅਖ਼ਬਾਰ ਦੀ ਸੰਪਾਦਨਾ ਕੀਤੀ ਅਤੇ ਦੇਸ਼ ਦੀ ਆਜ਼ਾਦੀ ਲਈ ਹਥਿਆਰਬੰਦ ਇਨਕਲਾਬ ਦਾ ਬਿਗੁਲ ਵਜਾਇਆ। ਗ਼ਦਰ ਅਸਫ਼ਲ ਹੋਣ 'ਤੇ ਲਾਹੌਰ ਸਾਜ਼ਿਸ਼ ਕੇਸ ਤਹਿਤ ਮਹਿਜ਼ 19 ਸਾਲ ਦੀ ਉਮਰ ਵਿੱਚ 'ਸੇਵਾ ਦੇਸ਼ ਦੀ ਜਿੰਦੜੀਏ ਬੜੀ ਔਖੀ' ਗਾਉਂਦਿਆਂ 16 ਨਵੰਬਰ 1915 ਨੂੰ ਲਾਹੌਰ ਸੈਂਟਰਲ ਜੇਲ੍ਹ ਵਿੱਚ ਫਾਂਸੀ ਦਾ ਰੱਸਾ ਚੁੰਮਿਆ। ਸ਼ਹੀਦ ਭਗਤ ਸਿੰਘ ਆਪ ਜੀ ਨੂੰ ਆਪਣਾ ਆਦਰਸ਼ ਅਤੇ ਗੁਰੂ ਮੰਨਦੇ ਸਨ।	Shaheedi Diwas of Shaheed Kartar Singh Sarabha (1896–1915), the youthful luminary of the Ghadar Party. Born in Sarabha (Ludhiana), he went to the USA for studies and became the fiery editor of the revolutionary newspaper 'Ghadar'. Returning to India to lead an armed uprising among Indian soldiers against British colonial rule, the revolt was betrayed by an informant. At the tender age of nineteen, singing 'Seva Desh Di Jindadiye Badi Aukhhi', he embraced the gallows with unyielding pride at Lahore Central Jail on November 16, 1915, becoming the chief inspiration and role model for Shaheed Bhagat Singh.	गदर पार्टी के युवा नायक शहीद करतार सिंह सराभा (1896-1915) का शहीदी दिवस। गांव सराभा (लुधियाना) में जन्मे करतार सिंह ने अमेरिका में 'गदर' पत्रिका का संपादन किया और भारत में ब्रिटिश हुकूमत के खिलाफ सशस्त्र क्रांति का नेतृत्व करने लौटे। मात्र 19 वर्ष की आयु में 16 नवंबर 1915 को लाहौर जेल में गाते हुए फांसी के फंदे को चूम लिया। शहीद भगत सिंह उन्हें अपना आदर्श और पथ-प्रदर्शक मानते थे।
84	DEATH_BHAI_MARDANA	BHAI_MARDANA	8	5	0	Bhai_Mardana	ਅਕਾਲ ਚਲਾਣਾ ਭਾਈ ਮਰਦਾਨਾ ਜੀ	Passing of Bhai Mardana Ji	बरसी भाई मरदाना जी	ਸ੍ਰੀ ਗੁਰੂ ਨਾਨਕ ਦੇਵ ਜੀ ਦੇ ਅਨਿੰਨ ਸਾਥੀ ਅਤੇ ਰਬਾਬੀ ਭਾਈ ਮਰਦਾਨਾ ਜੀ (1459-1534) ਦਾ ਅੰਤਿਮ ਸਸਕਾਰ ਦਿਵਸ। ਪਿੰਡ ਰਾਏ ਭੋਇ ਦੀ ਤਲਵੰਡੀ ਵਿਖੇ ਜਨਮੇ ਭਾਈ ਮਰਦਾਨਾ ਜੀ ਨੇ ਗੁਰੂ ਸਾਹਿਬ ਨਾਲ ਚਾਰੇ ਉਦਾਸੀਆਂ ਦੌਰਾਨ ਸਾਏ ਵਾਂਗ ਸਾਥ ਨਿਭਾਇਆ। ਜਦੋਂ ਵੀ ਇਲਾਹੀ ਬਾਣੀ ਉਤਰਦੀ ਤਾਂ ਗੁਰੂ ਜੀ ਕਹਿੰਦੇ: 'ਮਰਦਾਨਿਆ! ਰਬਾਬ ਛੇੜ, ਬਾਣੀ ਆਈ ਐ।' ਸ੍ਰੀ ਗੁਰੂ ਗ੍ਰੰਥ ਸਾਹਿਬ ਜੀ ਵਿੱਚ ਬਿਹਾਗੜੇ ਦੀ ਵਾਰ ਅੰਦਰ ਭਾਈ ਮਰਦਾਨਾ ਜੀ ਦੇ ਸਲੋਕ ਵੀ ਦਰਜ ਹਨ। ਆਪ ਜੀ ਨੇ ਗੁਰੂ ਚਰਨਾਂ ਵਿੱਚ ਆਪਣਾ ਜੀਵਨ ਅਰਪਣ ਕੀਤਾ।	Passing of Bhai Mardana Ji (1459–1534), the lifelong musical companion and devotee of Sri Guru Nanak Dev Ji. Born in Talwandi to Badhra Ji and Mata Lakkho Ji, Bhai Mardana played the Rabab (rebeck) while Guru Nanak Dev Ji sang the revealed Word of God across thousands of miles of travel during the four divine Udasis. Revered in Gurbani as 'Mardana Tana', he merged into the eternal peace on the banks of the Kurram River (or Kartarpur Sahib), demonstrating that divine devotion dissolves all social boundaries.	श्री गुरु नानक देव जी के अनन्य संगी और रबाबी भाई मरदाना जी (1459-1534) का समाधि दिवस। तलवंडी में जन्मे भाई मरदाना जी ने चारों उदासियों (यात्राओं) में गुरु साहिब का आजीवन साथ दिया। जब भी वाणी का अवतरण होता, गुरु साहिब कहते: 'मरदाना रबाब छेड़, वाणी आई है।' श्री गुरु ग्रंथ साहिब जी में आपके श्लोक भी दर्ज हैं। आपका जीवन गुरु-सेवा और भक्ति का अनुपम उदाहरण है।
85	SAHIBZADA_ZORAWAR_SINGH_BIRTH	SAHIBZADA_ZORAWAR_SINGH	1	3	80	Sahibzada_Zorawar_Singh	ਪ੍ਰਕਾਸ਼ ਦਿਹਾੜਾ ਸਾਹਿਬਜ਼ਾਦਾ ਜ਼ੋਰਾਵਰ ਸਿੰਘ ਜੀ	Prakash Diwas Sahibzada Zorawar Singh Ji	जन्म दिवस साहिबजादा जोरावर सिंह जी	ਦਸਮੇਸ਼ ਪਿਤਾ ਸ੍ਰੀ ਗੁਰੂ ਗੋਬਿੰਦ ਸਿੰਘ ਜੀ ਅਤੇ ਮਾਤਾ ਜੀਤੋ ਜੀ ਦੇ ਤੀਜੇ ਸਪੁੱਤਰ ਬਾਬਾ ਜ਼ੋਰਾਵਰ ਸਿੰਘ ਜੀ (1696-1705) ਦਾ ਪ੍ਰਕਾਸ਼ ਦਿਹਾੜਾ, ਜਿਨ੍ਹਾਂ ਦਾ ਜਨਮ ਸ੍ਰੀ ਅਨੰਦਪੁਰ ਸਾਹਿਬ ਵਿਖੇ ਹੋਇਆ। ਆਪ ਜੀ ਨੇ ਮਹਿਜ਼ 9 ਸਾਲ ਦੀ ਉਮਰ ਵਿੱਚ ਸਰਹਿੰਦ ਦੀ ਕਚਹਿਰੀ ਵਿੱਚ ਸੂਬੇਦਾਰ ਵਜ਼ੀਰ ਖ਼ਾਨ ਦੇ ਲਾਲਚਾਂ ਅਤੇ ਡਰਾਵਿਆਂ ਨੂੰ ਠੋਕਰ ਮਾਰ ਕੇ ਸਿੱਖੀ ਸਿਦਕ ਦੀ ਰਾਖੀ ਕਰਦਿਆਂ ਨੀਹਾਂ ਵਿੱਚ ਚਿਣੇ ਜਾ ਕੇ ਅਦੁੱਤੀ ਸ਼ਹਾਦਤ ਦਿੱਤੀ।	Prakash Diwas of Sahibzada Zorawar Singh Ji (1696–1705), the third son of Sri Guru Gobind Singh Ji and Mata Jito Ji, born at Sri Anandpur Sahib. Imbued with supreme royal and spiritual lineage, he steadfastly rejected all imperial enticements and threats of execution by Nawab Wazir Khan at Sirhind, refusing to renounce the Khalsa faith and embracing supreme martyrdom by being bricked alive at the tender age of nine.	दशमेश पिता श्री गुरु गोबिंद सिंह जी और माता जीतो जी के तीसरे सुपुत्र साहिबजादा जोरावर सिंह जी (1696-1705) का प्रकाश दिवस, जिनका जन्म श्री आनंदपुर साहिब में हुआ। मात्र 9 वर्ष की आयु में सरहिंद की कचहरी में नवाब वजीर खान के लालचों और धमकियों को ठुकराते हुए आपने धर्म की रक्षा हेतु जीवित दीवारों में चुने जाकर सर्वोच्च शहादत पाई।
86	SHAHIDI_BABA_GURBAKSH_SINGH	BABA_GURBAKSH_SINGH	2	5	0	Martyrdom_in_Sikhism	ਸ਼ਹੀਦੀ ਦਿਹਾੜਾ ਨਿਹੰਗ ਬਾਬਾ ਗੁਰਬਖ਼ਸ਼ ਸਿੰਘ ਜੀ	Shaheedi Nihang Baba Gurbaksh Singh Ji	शहीदी दिवस बाबा गुरबख्श सिंह जी	ਅਮਰ ਸ਼ਹੀਦ ਨਿਹੰਗ ਬਾਬਾ ਗੁਰਬਖ਼ਸ਼ ਸਿੰਘ ਜੀ (1688-1764, ਪਿੰਡ ਖੇਮਕਰਨ) ਦਾ ਸ਼ਹੀਦੀ ਦਿਹਾੜਾ। ਦਸੰਬਰ 1764 ਵਿੱਚ ਜਦੋਂ ਅਹਿਮਦ ਸ਼ਾਹ ਅਬਦਾਲੀ 30,000 ਦੀ ਫ਼ੌਜ ਲੈ ਕੇ ਸ੍ਰੀ ਦਰਬਾਰ ਸਾਹਿਬ ਢਾਹੁਣ ਆਇਆ, ਤਾਂ ਬਾਬਾ ਗੁਰਬਖ਼ਸ਼ ਸਿੰਘ ਜੀ ਨੇ ਕੇਵਲ 30 ਸਿੰਘਾਂ ਸਮੇਤ ਮੌਤ ਨੂੰ ਵਿਆਹੁਣ ਲਈ ਕੇਸਰੀ ਚੋਲੇ ਪਹਿਨੇ ਅਤੇ ਸ੍ਰੀ ਅਕਾਲ ਤਖ਼ਤ ਸਾਹਿਬ ਦੇ ਸਨਮੁਖ ਅਫ਼ਗਾਨ ਫ਼ੌਜ ਦਾ ਮੁਕਾਬਲਾ ਕਰਦਿਆਂ ਆਖ਼ਰੀ ਸਵਾਸ ਤੱਕ ਲੜ ਕੇ ਸ਼ਹੀਦੀ ਜਾਮ ਪੀਤਾ।	Shaheedi Diwas of Nihang Baba Gurbaksh Singh Ji (1688–1764) of village Khemkaran. When Ahmed Shah Abdali invaded with 30,000 Afghan troops in December 1764 to destroy Sri Harmandir Sahib once again, Baba Gurbaksh Singh alongside thirty fearless Akali Nihang Singhs stood guard before the Akal Takht Sahib, wearing ceremonial yellow wedding robes (Kesari Baana) to welcome death as a bride. They fought with superhuman valor until every single Singh was martyred, preserving the honor of the House of Guru Ram Das.	अमर शहीद निहंग बाबा गुरबख्श सिंह जी (1688-1764) का शहीदी दिवस। दिसंबर 1764 में जब अहमद शाह अब्दाली की 30,000 अफगान सेना श्री हरिमंदिर साहिब को नष्ट करने आई, तो बाबा गुरबख्श सिंह जी ने मात्र 30 निहंग सिंहों के साथ अकाल तख्त के समक्ष मुकाबला किया और लड़ते हुए सभी सिंहों ने हरिमंदिर साहिब की रक्षा में शहादत पाई।
87	GURU_GOBIND_SINGH_THRONE	GURU_GOBIND_SINGH	3	1	85	Guru_Gobind_Singh	ਗੁਰਗੱਦੀ ਦਿਵਸ ਗੁਰੂ ਗੋਬਿੰਦ ਸਿੰਘ ਜੀ	Gurgaddi Diwas Guru Gobind Singh Ji	गुरगद्दी दिवस गुरु गोबिंद सिंह जी	ਦਸਮੇਸ਼ ਪਿਤਾ ਸ੍ਰੀ ਗੁਰੂ ਗੋਬਿੰਦ ਸਿੰਘ ਜੀ ਦਾ ਪਾਵਨ ਗੁਰਗੱਦੀ ਦਿਵਸ (1675)। ਦਿੱਲੀ ਦੇ ਚਾਂਦਨੀ ਚੌਕ ਵਿਖੇ ਨੌਵੇਂ ਪਾਤਸ਼ਾਹ ਸ੍ਰੀ ਗੁਰੂ ਤੇਗ਼ ਬਹਾਦਰ ਸਾਹਿਬ ਜੀ ਦੀ ਲਾਸਾਨੀ ਸ਼ਹਾਦਤ ਉਪਰੰਤ, ਸ੍ਰੀ ਅਨੰਦਪੁਰ ਸਾਹਿਬ ਵਿਖੇ ਨੌਂ ਸਾਲ ਦੀ ਬਾਲ ਉਮਰ ਵਿੱਚ ਆਪ ਜੀ ਨੇ ਗੁਰਗੱਦੀ ਸੰਭਾਲੀ। ਗੁਰੂ ਸਾਹਿਬ ਨੇ ਖ਼ਾਲਸੇ ਨੂੰ ਚਿੜੀਆਂ ਤੋਂ ਬਾਜ਼ ਤੁੜਾਉਣ ਅਤੇ ਸਵਾ ਲੱਖ ਨਾਲ ਇੱਕ ਲੜਾਉਣ ਦਾ ਇਲਾਹੀ ਹੌਸਲਾ ਬਖ਼ਸ਼ ਕੇ ਸੰਤ-ਸਿਪਾਹੀ ਦੇ ਰੂਪ ਵਿੱਚ ਤਿਆਰ ਕੀਤਾ।	Gurgaddi Diwas of the Tenth Master, Sri Guru Gobind Singh Ji (1675) at Sri Anandpur Sahib. Following the supreme martyrdom of his father Sri Guru Tegh Bahadur Ji in Chandni Chowk, Delhi, the young nine-year-old Guru Gobind Rai assumed the mantle of Guruship. He declared that he would create a Khalsa Panth that would stand fearless against imperial tyranny, where 'one would fight against a hundred and twenty-five thousand' (Sawa Lakh Se Ek Ladaun), transforming humble disciples into Saint-Soldiers.	दशमेश पिता श्री गुरु गोबिंद सिंह जी का पावन गुरगद्दी दिवस (1675)। दिल्ली के चाँदनी चौक में नौवें पातशाह श्री गुरु तेग बहादुर साहिब जी के बलिदान के बाद, मात्र 9 वर्ष की आयु में आपने आनंदपुर साहिब में गुरगद्दी संभाली। आपने सिखों को 'सवा लाख से एक लड़ाऊं' का अदम्य साहस दिया और खालसा पंथ की नींव रखकर संत-सिपाही की अमर परंपरा आरंभ की।
88	SHAHIDI_MATI_SATI_DAYAL_DAS		2	5	0	Martyrdom_of_Guru_Tegh_Bahadur	ਸ਼ਹੀਦੀ ਭਾਈ ਮਤੀ ਦਾਸ, ਭਾਈ ਸਤੀ ਦਾਸ ਤੇ ਭਾਈ ਦਿਆਲਾ ਜੀ	Shaheedi Bhai Mati Das, Bhai Sati Das & Bhai Dyala Ji	शहीदी भाई मती दास, भाई सती दास व भाई दयाल दास जी	ਭਾਈ ਮਤੀ ਦਾਸ ਜੀ, ਭਾਈ ਸਤੀ ਦਾਸ ਜੀ ਅਤੇ ਭਾਈ ਦਿਆਲਾ ਜੀ ਦਾ ਸ਼ਹੀਦੀ ਦਿਹਾੜਾ (11 ਨਵੰਬਰ 1675)। ਨੌਵੇਂ ਪਾਤਸ਼ਾਹ ਸ੍ਰੀ ਗੁਰੂ ਤੇਗ਼ ਬਹਾਦਰ ਸਾਹਿਬ ਜੀ ਦੇ ਅਨਿੰਨ ਸਿੱਖਾਂ ਨੂੰ ਦਿੱਲੀ ਦੇ ਚਾਂਦਨੀ ਚੌਕ ਵਿੱਚ ਔਰੰਗਜ਼ੇਬ ਦੇ ਹੁਕਮ ਨਾਲ ਕਹਿਰਵਾਨ ਤਸੀਹੇ ਦਿੱਤੇ ਗਏ: ਭਾਈ ਮਤੀ ਦਾਸ ਜੀ ਨੂੰ ਆਰੇ ਨਾਲ ਚੀਰਿਆ ਗਿਆ, ਭਾਈ ਦਿਆਲਾ ਜੀ ਨੂੰ ਉਬਲਦੀ ਦੇਗ਼ ਵਿੱਚ ਉਬਾਲਿਆ ਗਿਆ ਅਤੇ ਭਾਈ ਸਤੀ ਦਾਸ ਜੀ ਨੂੰ ਰੂੰ ਵਿੱਚ ਲਪੇਟ ਕੇ ਸਾੜਿਆ ਗਿਆ। ਤਿੰਨਾਂ ਗੁਰਸਿੱਖਾਂ ਨੇ ਜਪੁਜੀ ਸਾਹਿਬ ਦਾ ਪਾਠ ਕਰਦਿਆਂ ਹੱਸ ਕੇ ਸ਼ਹਾਦਤ ਪ੍ਰਵਾਨ ਕੀਤੀ।	Shaheedi Diwas of Bhai Mati Das Ji, Bhai Sati Das Ji, and Bhai Dyala Ji on November 11, 1675 at Chandni Chowk, Delhi. Steadfast companions of Sri Guru Tegh Bahadur Ji, they refused conversion to Islam under Aurangzeb's inquisitors: Bhai Mati Das was sawn alive in half from head to loins, Bhai Dyala was boiled alive in a cauldron of boiling oil, and Bhai Sati Das was wrapped in cotton and burned alive. Reciting Japji Sahib till their last breath, their horrific yet serene martyrdoms testify to the supreme triumph of faith over tyranny.	भाई मति दास जी, भाई सती दास जी और भाई दयाला जी का शहीदी दिवस (11 नवंबर 1675)। नौवें पातशाह श्री गुरु तेग बहादुर साहिब जी के अनन्य सिखों को औरंगजेब के आदेश पर दिल्ली के चाँदनी चौक में भयानक यातनाएं दी गईं: भाई मति दास जी को आरे से चीरा गया, भाई दयाला जी को उबलते तेल की देग में उबाला गया और भाई सती दास जी को रुई में लपेटकर जलाया गया। तीनों ने बाणी पढ़ते हुए अद्वितीय शहादत दी।
89	GURU_TEGH_BAHADUR_MARTYRDOM	GURU_TEGH_BAHADUR	2	1	90	Martyrdom_of_Guru_Tegh_Bahadur	ਸ਼ਹੀਦੀ ਦਿਹਾੜਾ ਗੁਰੂ ਤੇਗ ਬਹਾਦਰ ਜੀ	Shaheedi Diwas Guru Tegh Bahadur Ji	शहीदी दिवस गुरु तेज बहादुर जी	ਹਿੰਦ ਦੀ ਚਾਦਰ ਨੌਵੇਂ ਪਾਤਸ਼ਾਹ ਸ੍ਰੀ ਗੁਰੂ ਤੇਗ਼ ਬਹਾਦਰ ਸਾਹਿਬ ਜੀ ਦਾ ਸ਼ਹੀਦੀ ਦਿਹਾੜਾ (1675 ਈ.)। ਔਰੰਗਜ਼ੇਬ ਦੇ ਜ਼ੁਲਮਾਂ ਦੇ ਸਤਾਏ ਕਸ਼ਮੀਰੀ ਪੰਡਿਤਾਂ ਵੱਲੋਂ ਪੰਡਿਤ ਕਿਰਪਾ ਰਾਮ ਦੀ ਅਗਵਾਈ ਵਿੱਚ ਧਾਰਮਿਕ ਆਜ਼ਾਦੀ ਦੀ ਰੱਖਿਆ ਲਈ ਕੀਤੀ ਫ਼ਰਿਆਦ 'ਤੇ, ਗੁਰੂ ਸਾਹਿਬ ਨੇ ਦਿੱਲੀ ਜਾ ਕੇ ਗ੍ਰਿਫ਼ਤਾਰੀ ਦਿੱਤੀ। ਇਸਲਾਮ ਨਾ ਕਬੂਲਣ 'ਤੇ 11 ਨਵੰਬਰ 1675 ਨੂੰ ਚਾਂਦਨੀ ਚੌਕ ਦਿੱਲੀ ਵਿਖੇ ਗੁਰੂ ਜੀ ਦਾ ਸੀਸ ਧੜ ਤੋਂ ਜੁਦਾ ਕਰ ਦਿੱਤਾ ਗਿਆ। ਦੂਜੇ ਧਰਮ ਦੇ ਤਿਲਕ-ਜੰਝੂ ਦੀ ਰਾਖੀ ਲਈ ਆਪਣਾ ਸੀਸ ਵਾਰ ਦੇਣ ਦੀ ਅਜਿਹੀ ਮਿਸਾਲ ਦੁਨੀਆ ਦੇ ਇਤਿਹਾਸ ਵਿੱਚ ਕਿਧਰੇ ਨਹੀਂ ਮਿਲਦੀ।	Shaheedi Diwas of the Ninth Master, Sri Guru Tegh Bahadur Ji (1621–1675), reverently remembered as 'Hind Di Chadar' (Shield of India). Responding to the desperate plea of Kashmiri Pandits led by Pandit Kirpa Ram to protect their religious freedom against forced conversions by Emperor Aurangzeb, Guru Ji courted arrest. After refusing to convert to Islam or perform miracles, he was publicly beheaded at Chandni Chowk, Delhi on November 11, 1675. This supreme sacrifice for the religious rights of another faith is unmatched in the annals of world history.	हिन्द की चादर नवम पातशाह श्री गुरु तेग बहादुर साहिब जी का शहीदी दिवस (1675 ईस्वी)। औरंगजेब द्वारा जबरन धर्म परिवर्तन के विरुद्ध कश्मीरी पंडितों की धार्मिक स्वतंत्रता की रक्षा हेतु गुरु साहिब ने दिल्ली के चाँदनी चौक में 11 नवंबर 1675 को अपना शीश न्यौछावर कर दिया। किसी अन्य धर्म के धार्मिक अधिकारों और मानवीय स्वतंत्रता के लिए अपने प्राणों की आहुति देने का यह उदाहरण विश्व इतिहास में अद्वितीय है।
90	SAHIBZADA_FATEH_SINGH_BIRTH	SAHIBZADA_FATEH_SINGH	1	3	80	Sahibzada_Fateh_Singh	ਪ੍ਰਕਾਸ਼ ਦਿਹਾੜਾ ਸਾਹਿਬਜ਼ਾਦਾ ਫ਼ਤਿਹ ਸਿੰਘ ਜੀ	Prakash Diwas Sahibzada Fateh Singh Ji	जन्म दिवस साहिबजादा फतेह सिंह जी	ਦਸਮੇਸ਼ ਪਿਤਾ ਸ੍ਰੀ ਗੁਰੂ ਗੋਬਿੰਦ ਸਿੰਘ ਜੀ ਅਤੇ ਮਾਤਾ ਜੀਤੋ ਜੀ ਦੇ ਸਭ ਤੋਂ ਛੋਟੇ ਸਪੁੱਤਰ ਬਾਬਾ ਫ਼ਤਹਿ ਸਿੰਘ ਜੀ (1699-1705) ਦਾ ਪ੍ਰਕਾਸ਼ ਦਿਹਾੜਾ, ਜਿਨ੍ਹਾਂ ਦਾ ਜਨਮ ਸ੍ਰੀ ਅਨੰਦਪੁਰ ਸਾਹਿਬ ਵਿਖੇ ਹੋਇਆ। ਮਹਿਜ਼ 6 ਸਾਲ ਦੀ ਬਾਲ ਉਮਰ ਵਿੱਚ ਸਰਹਿੰਦ ਦੀ ਕਚਹਿਰੀ ਵਿੱਚ ਸੂਬੇਦਾਰ ਵਜ਼ੀਰ ਖ਼ਾਨ ਦੇ ਸਾਹਮਣੇ ਗਰਜ ਕੇ 'ਵਾਹਿਗੁਰੂ ਜੀ ਕਾ ਖ਼ਾਲਸਾ, ਵਾਹਿਗੁਰੂ ਜੀ ਕੀ ਫ਼ਤਹਿ' ਬੁਲਾਉਂਦਿਆਂ, ਆਪ ਜੀ ਨੇ ਵੱਡੇ ਵੀਰ ਬਾਬਾ ਜ਼ੋਰਾਵਰ ਸਿੰਘ ਜੀ ਸਮੇਤ ਨੀਹਾਂ ਵਿੱਚ ਚਿਣੇ ਜਾ ਕੇ ਸ਼ਹਾਦਤ ਦਾ ਜਾਮ ਪੀਤਾ।	Prakash Diwas of Baba Fateh Singh Ji (1699–1705), the youngest son of Sri Guru Gobind Singh Ji and Mata Jito Ji, born at Sri Anandpur Sahib. Known for his fearless innocence, when pressed by Nawab Wazir Khan in the court of Sirhind to bow and accept Islam, the six-year-old child roared the Khalsa Fateh: 'Waheguru Ji Ka Khalsa, Waheguru Ji Ki Fateh'. Bricked alive alongside his elder brother Zorawar Singh Ji, his supreme sacrifice remains immortal.	दशमेश पिता श्री गुरु गोबिंद सिंह जी और माता जीतो जी के सबसे छोटे सुपुत्र साहिबजादा फतेह सिंह जी (1699-1705) का प्रकाश दिवस, जिनका जन्म श्री आनंदपुर साहिब में हुआ। मात्र 6 वर्ष की कोमल आयु में सरहिंद की कचहरी में निर्भय होकर 'वाहेगुरु जी का खालसा, वाहेगुरु जी की फतेह' का जयघोष करते हुए जीवित दीवारों में चुने जाकर अद्वितीय बलिदान दिया।
91	HIST_AKALI_DAL_FOUNDATION		7	7	0	Akali_Dal	ਸ਼੍ਰੋਮਣੀ ਅਕਾਲੀ ਦਲ ਸਥਾਪਨਾ ਦਿਵਸ	Shiromani Akali Dal Foundation Day	शिरोमणि अकाली दल स्थापना दिवस	ਸ਼੍ਰੋਮਣੀ ਅਕਾਲੀ ਦਲ ਸਥਾਪਨਾ ਦਿਵਸ 14 ਦਸੰਬਰ 1920 ਨੂੰ ਸ੍ਰੀ ਅਕਾਲ ਤਖ਼ਤ ਸਾਹਿਬ (ਅੰਮ੍ਰਿਤਸਰ) ਵਿਖੇ ਗੁਰਦੁਆਰਾ ਸੁਧਾਰ ਲਹਿਰ ਦੌਰਾਨ ਪੰਥਕ ਜਥੇਬੰਦੀ ਵਜੋਂ ਹੋਈ ਸਥਾਪਨਾ ਦਾ ਦਿਨ ਹੈ। ਸਰਦਾਰ ਸਰਮੁਖ ਸਿੰਘ ਝਬਾਲ ਇਸ ਦੇ ਪਹਿਲੇ ਪ੍ਰਧਾਨ ਬਣੇ। ਅਕਾਲੀ ਦਲ ਨੇ ਸ਼ਾਂਤਮਈ ਮੋਰਚਿਆਂ (ਚਾਬੀਆਂ ਦਾ ਮੋਰਚਾ, ਗੁਰੂ ਕਾ ਬਾਗ਼, ਜੈਤੋ ਮੋਰਚਾ) ਰਾਹੀਂ ਗੁਰਧਾਮਾਂ ਨੂੰ ਆਜ਼ਾਦ ਕਰਵਾਇਆ ਅਤੇ ਭਾਰਤ ਦੇ ਆਜ਼ਾਦੀ ਸੰਗਰਾਮ ਵਿੱਚ ਅਹਿਮ ਯੋਗਦਾਨ ਪਾਇਆ।	Foundation Day of the Shiromani Akali Dal, established on December 14, 1920 at Sri Akal Takht Sahib, Amritsar as the supreme socio-political vanguard of the Sikh Panth during the Gurdwara Reform Movement. Unifying regional Akali Jathas under a centralized leadership with Sardar Sarmukh Singh Jhabal as its first president, the party spearheaded historic non-violent agitations (Guru Ka Bagh, Keys Morcha, Jaito) to liberate Gurdwaras and actively struggled for India's freedom.	शिरोमणि अकाली दल स्थापना दिवस 14 दिसंबर 1920 को श्री अकाल तख्त साहिब (अमृतसर) में गुरुद्वारा सुधार आंदोलन के दौरान दल की स्थापना का प्रतीक है। सरदार सरमुख सिंह झबाल इसके प्रथम अध्यक्ष बने। दल ने शांतमयी मोर्चों द्वारा ऐतिहासिक गुरुद्वारों को मुक्त कराया और देश की आजादी के संघर्ष में अग्रणी भूमिका निभाई।
92	GURU_TEGH_BAHADUR_SIS_SASKAR	GURU_TEGH_BAHADUR	7	7	0	Martyrdom_of_Guru_Tegh_Bahadur	ਸੀਸ ਸਸਕਾਰ ਸ੍ਰੀ ਗੁਰੂ ਤੇਗ਼ ਬਹਾਦਰ ਸਾਹਿਬ (ਅਨੰਦਪੁਰ ਸਾਹਿਬ)	Sees Saskar Sri Guru Tegh Bahadur Ji (Anandpur Sahib)	सीस संस्कार श्री गुरु तेग बहादुर जी (आनंदपुर साहिब)	ਸੀਸ ਸਸਕਾਰ ਸ੍ਰੀ ਗੁਰੂ ਤੇਗ਼ ਬਹਾਦਰ ਸਾਹਿਬ ਜੀ (ਸ੍ਰੀ ਅਨੰਦਪੁਰ ਸਾਹਿਬ)। 11 ਨਵੰਬਰ 1675 ਨੂੰ ਦਿੱਲੀ ਦੇ ਚਾਂਦਨੀ ਚੌਕ ਵਿੱਚ ਨੌਵੇਂ ਪਾਤਸ਼ਾਹ ਦੀ ਸ਼ਹਾਦਤ ਉਪਰੰਤ, ਭਾਈ ਜੈਤਾ ਜੀ (ਬਾਬਾ ਜੀਵਨ ਸਿੰਘ) ਸ਼ਾਹੀ ਪਹਿਰੇ ਵਿੱਚੋਂ ਗੁਰੂ ਸਾਹਿਬ ਦਾ ਪਵਿੱਤਰ ਸੀਸ ਲੈ ਕੇ ਸ੍ਰੀ ਅਨੰਦਪੁਰ ਸਾਹਿਬ ਪੁੱਜੇ। ਦਸਮੇਸ਼ ਪਿਤਾ ਨੇ ਭਾਈ ਜੈਤਾ ਜੀ ਨੂੰ ਗਲਵੱਕੜੀ ਵਿੱਚ ਲੈ ਕੇ 'ਰੰਘਰੇਟਾ ਗੁਰੂ ਕਾ ਬੇਟਾ' ਦਾ ਵਰ ਦਿੱਤਾ ਅਤੇ ਗੁਰਦੁਆਰਾ ਸੀਸ ਗੰਜ ਸਾਹਿਬ ਵਾਲੇ ਅਸਥਾਨ 'ਤੇ ਪੂਰੇ ਸਤਿਕਾਰ ਨਾਲ ਸੀਸ ਦਾ ਅੰਤਿਮ ਸਸਕਾਰ ਕੀਤਾ।	Sees Saskar Sri Guru Tegh Bahadur Ji commemorates the sacred cremation of the severed head of the Ninth Guru at Sri Anandpur Sahib in November 1675. Following Guru Ji's martyrdom at Chandni Chowk, Delhi, the fearless devotee Bhai Jaita Ji (later Baba Jeevan Singh) daringly retrieved the sacred head and traversed over 200 miles through imperial blockades to Anandpur Sahib. Guru Gobind Singh Ji embraced him proclaiming 'Ranghreta Guru Ka Beta' and performed the cremation rites with royal reverence at Gurdwara Sis Ganj Sahib.	सीस संस्कार श्री गुरु तेग बहादुर जी (आनंदपुर साहिब)। 11 नवंबर 1675 को दिल्ली में नौवें पातशाह की शहादत के बाद, भाई जैता जी (बाबा जीवन सिंह) गुरु साहिब का पवित्र शीश लेकर आनंदपुर साहिब पहुंचे। दशमेश पिता ने उन्हें गले लगाकर 'रंघरेटा गुरु का बेटा' का वरदान दिया और गुरुद्वारा सीस गंज साहिब के स्थान पर पूरे सम्मान के साथ शीश का संस्कार किया।
93	HIST_FORT_ANANDGARH_LEAVE		7	7	0	Battle_of_Chamkaur	ਕਿਲ੍ਹਾ ਅਨੰਦਗੜ੍ਹ ਛੱਡਣਾ (ਸ੍ਰੀ ਗੁਰੂ ਗੋਬਿੰਦ ਸਿੰਘ ਜੀ)	Evacuation of Fort Anandgarh Sahib	किला आनंदगढ़ छोड़ना	ਕਿਲ੍ਹਾ ਅਨੰਦਗੜ੍ਹ ਸਾਹਿਬ ਛੱਡਣਾ (ਪੋਹ 1705)। ਸੱਤ ਮਹੀਨਿਆਂ ਤੋਂ ਵੱਧ ਸਮੇਂ ਦੇ ਘੇਰੇ ਉਪਰੰਤ ਮੁਗ਼ਲ ਫ਼ੌਜਾਂ ਅਤੇ ਪਹਾੜੀ ਰਾਜਿਆਂ ਵੱਲੋਂ ਕੁਰਆਨ ਤੇ ਗਊ ਦੀਆਂ ਝੂਠੀਆਂ ਕਸਮਾਂ ਖਾ ਕੇ ਸੁਰੱਖਿਅਤ ਲੰਘਣ ਦਾ ਵਾਅਦਾ ਕਰਨ 'ਤੇ, ਦਸਮੇਸ਼ ਪਿਤਾ ਨੇ ਸਿੱਖਾਂ ਸਮੇਤ ਕਿਲ੍ਹਾ ਅਨੰਦਗੜ੍ਹ ਖ਼ਾਲੀ ਕੀਤਾ। ਪਰ ਦੁਸ਼ਮਣਾਂ ਨੇ ਕਸਮਾਂ ਤੋੜ ਕੇ ਪਿੱਛੋਂ ਧੋਖੇ ਨਾਲ ਹਮਲਾ ਕਰ ਦਿੱਤਾ, ਜਿਸ ਕਾਰਨ ਸਰਸਾ ਨਦੀ 'ਤੇ ਪਰਿਵਾਰ ਵਿਛੋੜਾ ਅਤੇ ਚਮਕੌਰ ਦੀ ਜੰਗ ਦਾ ਇਤਿਹਾਸ ਸਿਰਜਿਆ ਗਿਆ।	Evacuation of Fort Anandgarh Sahib (Poh 1705) marks the solemn night when Sri Guru Gobind Singh Ji and the Khalsa evacuated the fort of Anandpur Sahib. Besieged for over seven months by massive Mughal armies and Shivalik hill rajas, the enemy swore solemn oaths on the Quran and the Gita guaranteeing unmolested passage. However, as the Sikhs emerged, the allied forces dishonored their oaths and ambushed the rear guard, leading directly to the events at Sirsa River and Chamkaur Sahib.	किला आनंदगढ़ साहिब छोड़ना (पोह 1705)। सात महीने के लंबे घेरे के बाद मुगल सेना और पहाड़ी राजाओं द्वारा कुरान और गीता की झूठी कसमें खाकर सुरक्षित मार्ग देने के वादे पर गुरु गोबिंद सिंह जी ने किला छोड़ा। परंतु शत्रुओं ने कसमें तोड़कर सिखों पर पीछे से हमला कर दिया, जिसके बाद सरसा नदी पर परिवार विछोड़ा और चमकौर का युद्ध हुआ।
94	HIST_FAMILY_SEPARATION_SARHSA		7	7	0	Battle_of_Chamkaur	ਪਰਿਵਾਰ ਵਿਛੋੜਾ (ਸਰਸਾ ਨਦੀ)	Parivar Vichhoda (Sirsa River)	परिवार विछोड़ा (सरसा नदी)	ਪਰਿਵਾਰ ਵਿਛੋੜਾ (ਸਰਸਾ ਨਦੀ, ਦਸੰਬਰ 1705)। ਅਨੰਦਪੁਰ ਸਾਹਿਬ ਛੱਡਣ ਮਗਰੋਂ ਸਰਦੀਆਂ ਦੀ ਕਾਲੀ ਬੋਲੀ ਰਾਤ ਵਿੱਚ ਸਰਸਾ ਨਦੀ ਦੇ ਚੜ੍ਹੇ ਪਾਣੀ ਅਤੇ ਦੁਸ਼ਮਣ ਦੀਆਂ ਗੋਲੀਆਂ ਦੀ ਬੁਛਾੜ ਦੌਰਾਨ ਦਸਮੇਸ਼ ਪਿਤਾ ਦਾ ਸਾਰਾ ਪਰਿਵਾਰ ਤਿੰਨ ਹਿੱਸਿਆਂ ਵਿੱਚ ਵਿਛੜ ਗਿਆ: ਗੁਰੂ ਸਾਹਿਬ ਤੇ ਵੱਡੇ ਸਾਹਿਬਜ਼ਾਦੇ ਚਮਕੌਰ ਸਾਹਿਬ ਵੱਲ ਚਲੇ ਗਏ, ਮਾਤਾ ਗੁਜਰੀ ਜੀ ਤੇ ਛੋਟੇ ਸਾਹਿਬਜ਼ਾਦੇ ਰਸੋਈਏ ਗੰਗੂ ਦੇ ਪਿੰਡ ਖੇੜੀ ਪੁੱਜੇ ਜਿੱਥੇ ਉਸ ਨੇ ਗ਼ੱਦਾਰੀ ਕੀਤੀ, ਅਤੇ ਮਾਤਾ ਸੁੰਦਰੀ ਜੀ ਤੇ ਮਾਤਾ ਸਾਹਿਬ ਕੌਰ ਜੀ ਭਾਈ ਮਨੀ ਸਿੰਘ ਨਾਲ ਦਿੱਲੀ ਵੱਲ ਚਲੇ ਗਏ।	Parivar Vichhoda commemorates the heartbreaking separation of Sri Guru Gobind Singh Ji's holy family on the banks of the flooded Sirsa River during the stormy winter night of December 1705. While battling attacking Mughal troops in the icy, torrential current, the Guru, the elder Sahibzadas, and 40 Sikhs crossed toward Chamkaur Sahib, while Mata Gujri Ji and the younger Sahibzadas (Zorawar Singh and Fateh Singh) were separated, guided by servant Gangu to Kheri, where he betrayed them to the Governor of Sirhind.	परिवार विछोड़ा (सरसा नदी, दिसंबर 1705)। आनंदपुर साहिब छोड़ने के बाद बर्फीली रात में उफनती सरसा नदी और मुगलों के हमले के बीच गुरु गोबिंद सिंह जी का पावन परिवार अलग-अलग दिशाओं में बिछड़ गया। गुरु साहिब और बड़े साहिबजादे चमकौर साहिब की ओर बढ़े, जबकि माता गुजरी जी और छोटे साहिबजादे रसोईये गंगू के धोखे के कारण सरहिंद की जेल में पहुंचे।
95	SHAHIDI_BABA_JEEVAN_SINGH		2	5	0	Battle_of_Chamkaur	ਸ਼ਹੀਦੀ ਦਿਹਾੜਾ ਬਾਬਾ ਜੀਵਨ ਸਿੰਘ ਜੀ (ਭਾਈ ਜੈਤਾ ਜੀ)	Shaheedi Baba Jeevan Singh Ji (Bhai Jaita Ji)	शहीदी दिवस बाबा जीवन सिंह जी	ਬਾਬਾ ਜੀਵਨ ਸਿੰਘ ਜੀ (ਭਾਈ ਜੈਤਾ ਜੀ, 1649-1705) ਦਾ ਸ਼ਹੀਦੀ ਦਿਹਾੜਾ। ਦਿੱਲੀ ਦੇ ਚਾਂਦਨੀ ਚੌਕ ਵਿੱਚੋਂ ਨੌਵੇਂ ਪਾਤਸ਼ਾਹ ਦਾ ਸੀਸ ਲਿਆਉਣ ਬਦਲੇ ਦਸਮੇਸ਼ ਪਿਤਾ ਨੇ 'ਰੰਘਰੇਟਾ ਗੁਰੂ ਕਾ ਬੇਟਾ' ਕਹਿ ਕੇ ਆਪ ਜੀ ਨੂੰ ਨਿਵਾਜਿਆ ਸੀ। 1699 ਵਿੱਚ ਅੰਮ੍ਰਿਤ ਛਕ ਕੇ ਬਾਬਾ ਜੀਵਨ ਸਿੰਘ ਸਜੇ। ਸਰਸਾ ਨਦੀ 'ਤੇ ਪਰਿਵਾਰ ਵਿਛੋੜੇ ਸਮੇਂ ਪਿਛਲੀ ਫ਼ੌਜ ਦੀ ਕਮਾਂਡ ਸੰਭਾਲੀ ਅਤੇ ਚਮਕੌਰ ਦੀ ਗੜ੍ਹੀ ਵਿੱਚ ਦੁਸ਼ਮਣਾਂ ਦਾ ਸਾਹਮਣਾ ਕਰਦਿਆਂ 22 ਦਸੰਬਰ 1705 ਨੂੰ ਸ਼ਹਾਦਤ ਦਾ ਜਾਮ ਪੀਤਾ।	Shaheedi Diwas of Baba Jeevan Singh Ji (formerly Bhai Jaita Ji, 1649–1705). Renowned for the heroic retrieval of Guru Tegh Bahadur Ji's severed head from Chandni Chowk, Delhi in 1675 and being blessed by Guru Gobind Singh Ji as 'Ranghreta Guru Ka Beta', he was initiated into the Khalsa as Baba Jeevan Singh. He commanded the rear guard during the evacuation of Anandgarh at Sirsa River and fought with legendary valor at the Battle of Chamkaur, attaining martyrdom on December 22, 1705.	बाबा जीवन सिंह जी (भाई जैता जी, 1649-1705) का शहीदी दिवस। 1675 में दिल्ली के चाँदनी चौक से नौवें पातशाह का शीश लाने पर दशमेश पिता ने उन्हें 'रंघरेटा गुरु का बेटा' का वरदान दिया था। अमृत छककर वे बाबा जीवन सिंह बने और सरसा नदी व चमकौर साहिब के युद्ध में अतुलनीय पराक्रम दिखाते हुए 22 दिसंबर 1705 को वीरगति पाई।
96	ELDER_SAHIBZADAS_MARTYRDOM		2	3	85	Battle_of_Chamkaur	ਸ਼ਹੀਦੀ ਵੱਡੇ ਸਾਹਿਬਜ਼ਾਦੇ (ਬਾਬਾ ਅਜੀਤ ਸਿੰਘ ਤੇ ਬਾਬਾ ਜੁਝਾਰ ਸਿੰਘ)	Shaheedi Elder Sahibzadas (Chamkaur Sahib)	शहीदी बड़े साहिबजादे (चमकौर साहिब)	ਵੱਡੇ ਸਾਹਿਬਜ਼ਾਦੇ ਬਾਬਾ ਅਜੀਤ ਸਿੰਘ ਜੀ (18 ਸਾਲ) ਅਤੇ ਬਾਬਾ ਜੁਝਾਰ ਸਿੰਘ ਜੀ (14 ਸਾਲ) ਦਾ ਸ਼ਹੀਦੀ ਦਿਹਾੜਾ। ਚਮਕੌਰ ਸਾਹਿਬ ਦੀ ਕੱਚੀ ਗੜ੍ਹੀ ਵਿੱਚ 40 ਸਿੰਘਾਂ ਨਾਲ ਲੱਖਾਂ ਦੀ ਮੁਗ਼ਲ ਫ਼ੌਜ ਦਾ ਮੁਕਾਬਲਾ ਕਰਦਿਆਂ, ਦਸਮੇਸ਼ ਪਿਤਾ ਨੇ ਆਪਣੇ ਦੋਵਾਂ ਹੋਣਹਾਰ ਸਪੁੱਤਰਾਂ ਨੂੰ ਆਪਣੇ ਹੱਥੀਂ ਸ਼ਸਤਰ ਸਜਾ ਕੇ ਮੈਦਾਨ-ਏ-ਜੰਗ ਵਿੱਚ ਭੇਜਿਆ। ਦੋਵਾਂ ਸਾਹਿਬਜ਼ਾਦਿਆਂ ਨੇ ਵਾਰੋ-ਵਾਰੀ ਅਦੁੱਤੀ ਬਹਾਦਰੀ ਨਾਲ ਲੜਦਿਆਂ ਦੁਸ਼ਮਣਾਂ ਦੇ ਆਹੂ ਲਾਹੇ ਅਤੇ ਪਿਤਾ ਦੀਆਂ ਅੱਖਾਂ ਸਾਹਮਣੇ ਸ਼ਹਾਦਤ ਦਾ ਜਾਮ ਪੀਤਾ।	Shaheedi of the Elder Sahibzadas, Baba Ajit Singh Ji (aged 18) and Baba Jujhar Singh Ji (aged 14) at the epic Battle of Chamkaur Sahib (December 1705). Surrounded inside a small mud fortress (Garhi) by an imperial army of hundreds of thousands, Guru Gobind Singh Ji sent his own beloved sons into the battlefield one after the other. Fighting with unmatched bravery alongside 40 Khalsa warriors, both attained supreme martyrdom before their father's eyes, proving that the Khalsa spirit is unconquerable.	बड़े साहिबजादे बाबा अजीत सिंह जी (18 वर्ष) और बाबा जुझार सिंह जी (14 वर्ष) का शहीदी दिवस। चमकौर साहिब की कच्ची गढ़ी में मात्र 40 सिखों के साथ विशाल सेना का सामना करते हुए, दशमेश पिता ने अपने हाथों से दोनों बेटों को युद्ध में भेजा। दोनों साहिबजादों ने अप्रतिम पराक्रम दिखाते हुए पिता के सामने सर्वोच्च शहादत स्वीकार की।
97	SHAHIDI_BHAI_SANGAT_SINGH	BHAI_SANGAT_SINGH	2	5	0	Battle_of_Chamkaur	ਸ਼ਹੀਦੀ ਦਿਹਾੜਾ ਭਾਈ ਸੰਗਤ ਸਿੰਘ ਜੀ (ਚਮਕੌਰ ਸਾਹਿਬ)	Shaheedi Bhai Sangat Singh Ji	शहीदी दिवस भाई संगत सिंह जी	ਭਾਈ ਸੰਗਤ ਸਿੰਘ ਜੀ ਦਾ ਸ਼ਹੀਦੀ ਦਿਹਾੜਾ (ਚਮਕੌਰ ਸਾਹਿਬ, ਦਸੰਬਰ 1705)। ਭਾਈ ਸੰਗਤ ਸਿੰਘ ਜੀ ਦਾ ਚਿਹਰਾ-ਮੋਹਰਾ ਦਸਮੇਸ਼ ਪਿਤਾ ਨਾਲ ਬਹੁਤ ਮਿਲਦਾ ਸੀ। ਜਦੋਂ ਪੰਜ ਪਿਆਰਿਆਂ ਨੇ ਗੁਰੂ ਸਾਹਿਬ ਨੂੰ ਪੰਥ ਦੀ ਰੱਖਿਆ ਲਈ ਗੜ੍ਹੀ ਵਿੱਚੋਂ ਨਿਕਲਣ ਦਾ ਹੁਕਮ ਦਿੱਤਾ, ਤਾਂ ਗੁਰੂ ਜੀ ਨੇ ਆਪਣੀ ਕਲਗੀ ਅਤੇ ਸ਼ਾਹੀ ਚੋਗਾ ਭਾਈ ਸੰਗਤ ਸਿੰਘ ਜੀ ਦੇ ਸੀਸ 'ਤੇ ਸਜਾਇਆ। ਉਹਨਾਂ ਨੇ ਗੜ੍ਹੀ ਦੀ ਬੁਰਜੀ 'ਤੇ ਖੜ੍ਹ ਕੇ ਮੁਗ਼ਲ ਫ਼ੌਜ ਨੂੰ ਭੁਲੇਖੇ ਵਿੱਚ ਰੱਖਿਆ ਅਤੇ ਅੰਤਿਮ ਦਮ ਤੱਕ ਲੜਦਿਆਂ ਲਾਸਾਨੀ ਸ਼ਹਾਦਤ ਪ੍ਰਾਪਤ ਕੀਤੀ।	Shaheedi Diwas of Bhai Sangat Singh Ji at Chamkaur Sahib (December 1705). Closely resembling Sri Guru Gobind Singh Ji in physical stature and countenance, when the Panj Pyare issued a Gurmat decree ordering the Guru to escape the fortress so the Panth could survive, Bhai Sangat Singh was crowned with the Guru's royal Kalgi (plume) and Choga (robe). Standing atop the ramparts of Chamkaur Garhi, he kept the enemy engaged until his glorious martyrdom, ensuring the Guru's safe passage.	भाई संगत सिंह जी का शहीदी दिवस (चमकौर साहिब, दिसंबर 1705)। भाई संगत सिंह जी का स्वरूप गुरु गोबिंद सिंह जी से अत्यधिक मिलता था। जब पंच प्यारों ने गुरु साहिब को गढ़ी से निकलने का आदेश दिया, तो गुरु जी ने अपनी कलगी और शाही वस्त्र भाई संगत सिंह को पहनाए। उन्होंने गढ़ी की प्राचीर से मुगलों को भ्रमित रखा और वीरतापूर्वक लड़ते हुए शहादत पाई।
98	YOUNGER_SAHIBZADAS_MARTYRDOM		2	3	85	Battle_of_Sirhind	ਸ਼ਹੀਦੀ ਛੋਟੇ ਸਾਹਿਬਜ਼ਾਦੇ ਤੇ ਮਾਤਾ ਗੁਜਰੀ ਜੀ (ਫ਼ਤਹਿਗੜ੍ਹ ਸਾਹਿਬ)	Shaheedi Younger Sahibzadas & Mata Gujri Ji (Sirhind)	शहीदी छोटे साहिबजादे व माता गुजरी जी	ਛੋਟੇ ਸਾਹਿਬਜ਼ਾਦੇ ਬਾਬਾ ਜ਼ੋਰਾਵਰ ਸਿੰਘ ਜੀ (9 ਸਾਲ), ਬਾਬਾ ਫ਼ਤਹਿ ਸਿੰਘ ਜੀ (6 ਸਾਲ) ਅਤੇ ਮਾਤਾ ਗੁਜਰੀ ਜੀ ਦਾ ਲਾਸਾਨੀ ਸ਼ਹੀਦੀ ਦਿਹਾੜਾ (ਸਰਹਿੰਦ, ਦਸੰਬਰ 1705)। ਪੋਹ ਦੇ ਕਹਿਰਵਾਨ ਮੌਸਮ ਵਿੱਚ ਠੰਡੇ ਬੁਰਜ ਵਿੱਚ ਕੈਦ ਰੱਖ ਕੇ, ਸੂਬੇਦਾਰ ਵਜ਼ੀਰ ਖ਼ਾਨ ਨੇ ਬਾਲ ਸਾਹਿਬਜ਼ਾਦਿਆਂ ਨੂੰ ਇਸਲਾਮ ਕਬੂਲਣ ਲਈ ਵੱਡੇ ਲਾਲਚ ਤੇ ਮੌਤ ਦੇ ਡਰਾਵੇ ਦਿੱਤੇ। ਸਾਹਿਬਜ਼ਾਦਿਆਂ ਨੇ ਸਿੱਖੀ ਸਿਦਕ 'ਤੇ ਪਹਿਰਾ ਦਿੰਦਿਆਂ ਜਿਉਂਦੇ ਜੀਅ ਨੀਹਾਂ ਵਿੱਚ ਚਿਣੇ ਜਾਣਾ ਪ੍ਰਵਾਨ ਕੀਤਾ। ਇਹ ਸ਼ਹਾਦਤ ਦੁਨੀਆ ਦੇ ਇਤਿਹਾਸ ਵਿੱਚ ਸਭ ਤੋਂ ਛੋਟੀ ਉਮਰ ਦੀ ਮਹਾਨਤਮ ਕੁਰਬਾਨੀ ਹੈ।	Shaheedi of the Chhote Sahibzadas, Baba Zorawar Singh Ji (aged 9) and Baba Fateh Singh Ji (aged 6), and their grandmother Mata Gujri Ji at Fatehgarh Sahib (Sirhind) in December 1705. Imprisoned in the open Thanda Burj (Cold Tower) in the freezing winter, the young princes refused all royal enticements, riches, and threats of death by Nawab Wazir Khan, proudly affirming their Sikh faith. They were bricked alive and then beheaded, while Mata Gujri Ji breathed her last upon hearing the news, shaking the moral foundation of the Mughal empire.	छोटे साहिबजादे बाबा जोरावर सिंह जी (9 वर्ष), बाबा फतेह सिंह जी (6 वर्ष) और माता गुजरी जी का शहीदी दिवस (सरहिंद, दिसंबर 1705)। कड़ाके की ठंड में ठंडे बुर्ज में कैद रखकर वजीर खान ने बच्चों को लालच और धमकियां दीं। दोनों साहिबजादों ने धर्म नहीं छोड़ा और जीवित दीवारों में चुने जाकर सर्वोच्च शहादत दी। यह विश्व इतिहास में अद्वितीय और अमर बलिदान है।
99	GURU_GOBIND_SINGH_BIRTH	GURU_GOBIND_SINGH	1	1	90	Guru_Gobind_Singh	ਪ੍ਰਕਾਸ਼ ਗੁਰਪੁਰਬ ਗੁਰੂ ਗੋਬਿੰਦ ਸਿੰਘ ਜੀ	Prakash Purab Guru Gobind Singh Ji	प्रकाश पुरब गुरु गोबिंद सिंह जी	ਸਰਬੰਸਦਾਨੀ ਦਸਮੇਸ਼ ਪਿਤਾ ਸ੍ਰੀ ਗੁਰੂ ਗੋਬਿੰਦ ਸਿੰਘ ਜੀ (1666-1708) ਦਾ ਪ੍ਰਕਾਸ਼ ਗੁਰਪੁਰਬ। ਆਪ ਜੀ ਦਾ ਪ੍ਰਕਾਸ਼ ਤਖ਼ਤ ਸ੍ਰੀ ਪਟਨਾ ਸਾਹਿਬ (ਬਿਹਾਰ) ਵਿਖੇ ਨੌਵੇਂ ਪਾਤਸ਼ਾਹ ਸ੍ਰੀ ਗੁਰੂ ਤੇਗ਼ ਬਹਾਦਰ ਸਾਹਿਬ ਜੀ ਅਤੇ ਮਾਤਾ ਗੁਜਰੀ ਜੀ ਦੇ ਗ੍ਰਹਿ ਗੋਬਿੰਦ ਰਾਇ ਜੀ ਵਜੋਂ ਹੋਇਆ। ਆਪ ਜੀ ਮਹਾਨ ਕਵੀ, ਅਦੁੱਤੀ ਯੋਧੇ ਅਤੇ ਰੂਹਾਨੀ ਰਹਿਬਰ ਸਨ, ਜਿਨ੍ਹਾਂ ਨੇ 1699 ਵਿੱਚ ਖ਼ਾਲਸਾ ਪੰਥ ਦੀ ਸਾਜਨਾ ਕੀਤੀ, ਧਰਮ ਦੀ ਰਾਖੀ ਲਈ ਆਪਣਾ ਪਿਤਾ, ਮਾਤਾ ਅਤੇ ਚਾਰੇ ਪੁੱਤਰ ਕੁਰਬਾਨ ਕੀਤੇ ਅਤੇ ਸ੍ਰੀ ਗੁਰੂ ਗ੍ਰੰਥ ਸਾਹਿਬ ਜੀ ਨੂੰ ਸਦੀਵੀ ਗੁਰੂ ਥਾਪਿਆ।	Prakash Purab of the Tenth Master, Sri Guru Gobind Singh Ji (1666–1708), born at Takht Sri Patna Sahib (Bihar) to the Ninth Guru Sri Guru Tegh Bahadur Ji and Mata Gujri Ji. Spiritual giant, master warrior, poet, and philosopher, he created the Khalsa Panth at Anandpur Sahib in 1699, bestowed the Five Ks, fought against tyranny, sacrificed his father, four sons (Char Sahibzade), and mother for the protection of righteousness, and bestowed the eternal Guruship upon Sri Guru Granth Sahib Ji.	सर्वंशदानी दशमेश पिता श्री गुरु गोबिंद सिंह जी (1666-1708) का प्रकाश गुरपुरब। आपका जन्म तख्त श्री पटना साहिब (बिहार) में नौवें पातशाह श्री गुरु तेग बहादुर साहिब जी और माता गुजरी जी के घर हुआ। आप अद्वितीय योद्धा, महान कवि और आध्यात्मिक गुरु थे जिन्होंने 1699 में खालसा पंथ की स्थापना की, धर्म की रक्षा हेतु अपना सर्वंश न्यौछावर किया और श्री गुरु ग्रंथ साहिब जी को शाश्वत गुरुता प्रदान की।
100	BARSI_KEHAR_SATWANT_SINGH		8	5	0	Satwant_Singh	ਸਾਲਾਨਾ ਬਰਸੀ ਭਾਈ ਸਤਵੰਤ ਸਿੰਘ ਤੇ ਭਾਈ ਕੇਹਰ ਸਿੰਘ	Barsi Bhai Satwant Singh & Bhai Kehar Singh	वार्षिक बरसी भाई सतवंत सिंह व भाई केहर सिंह	ਭਾਈ ਸਤਵੰਤ ਸਿੰਘ ਅਤੇ ਭਾਈ ਕੇਹਰ ਸਿੰਘ ਦੀ ਸਾਲਾਨਾ ਬਰਸੀ। ਜੂਨ 1984 ਦੇ ਸਾਕਾ ਨੀਲਾ ਤਾਰਾ ਦੇ ਪਿਛੋਕੜ ਵਿੱਚ ਇੰਦਰਾ ਗਾਂਧੀ ਕਤਲ ਕੇਸ ਦੀਆਂ ਅਦਾਲਤੀ ਕਾਰਵਾਈਆਂ ਤੋਂ ਬਾਅਦ ਇਹਨਾਂ ਦੋਵਾਂ ਨੂੰ 6 ਜਨਵਰੀ 1989 ਨੂੰ ਤਿਹਾੜ ਜੇਲ੍ਹ (ਨਵੀਂ ਦਿੱਲੀ) ਵਿੱਚ ਫਾਂਸੀ ਦਿੱਤੀ ਗਈ। ਸ੍ਰੀ ਅਕਾਲ ਤਖ਼ਤ ਸਾਹਿਬ ਵਿਖੇ ਹਰ ਸਾਲ ਇਹਨਾਂ ਦੀ ਯਾਦ ਵਿੱਚ ਗੁਰਮਤਿ ਸਮਾਗਮ ਕਰਵਾਏ ਜਾਂਦੇ ਹਨ।	Death anniversary of Bhai Satwant Singh and Bhai Kehar Singh, who were executed on January 6, 1989 in Tihar Jail, New Delhi, following legal trials in the Indira Gandhi assassination case. Both are commemorated annually at Sri Akal Takht Sahib.	भाई सतवंत सिंह और भाई केहर सिंह की वार्षिक बरसी। इंदिरा गांधी हत्याकांड के न्यायिक मुकदमे के उपरांत 6 जनवरी 1989 को तिहाड़ जेल (नई दिल्ली) में दोनों को फांसी दी गई। श्री अकाल तख्त साहिब पर प्रतिवर्ष उनकी स्मृति में समागम आयोजित किए जाते हैं।
101	HIST_HARIMANDIR_FOUNDATION_STONE		7	7	0	Harmandir_Sahib	ਸ੍ਰੀ ਹਰਿਮੰਦਰ ਸਾਹਿਬ ਨੀਂਹ ਪੱਥਰ ਦਿਵਸ (ਸਾਈਂ ਮੀਆਂ ਮੀਰ ਜੀ)	Foundation Stone of Sri Harmandir Sahib	श्री हरिमंदिर साहिब नींव पत्थर दिवस	ਸ੍ਰੀ ਹਰਿਮੰਦਰ ਸਾਹਿਬ (ਸ੍ਰੀ ਅੰਮ੍ਰਿਤਸਰ) ਦਾ ਨੀਂਹ ਪੱਥਰ ਦਿਵਸ 1 ਮਾਘ ਸੰਮਤ 1645 ਬਿਕ੍ਰਮੀ (ਦਸੰਬਰ 1588) ਨੂੰ ਮਨਾਇਆ ਜਾਂਦਾ ਹੈ। ਸਰਬ-ਸਾਂਝੀਵਾਲਤਾ ਅਤੇ ਇਲਾਹੀ ਪ੍ਰੇਮ ਦੇ ਪ੍ਰਤੀਕ ਵਜੋਂ, ਪੰਚਮ ਪਾਤਸ਼ਾਹ ਸ੍ਰੀ ਗੁਰੂ ਅਰਜਨ ਦੇਵ ਜੀ ਨੇ ਲਾਹੌਰ ਦੇ ਮਹਾਨ ਸੂਫ਼ੀ ਸੰਤ ਸਾਈਂ ਮੀਆਂ ਮੀਰ ਜੀ ਪਾਸੋਂ ਆਪਣੇ ਪਵਿੱਤਰ ਹੱਥਾਂ ਨਾਲ ਇਸ ਕੇਂਦਰੀ ਧੁਰੇ ਦਾ ਨੀਂਹ ਪੱਥਰ ਰਖਵਾਇਆ। ਸ੍ਰੀ ਹਰਿਮੰਦਰ ਸਾਹਿਬ ਨੂੰ ਆਲੇ-ਦੁਆਲੇ ਦੀ ਜ਼ਮੀਨ ਨਾਲੋਂ ਨੀਵਾਂ (ਨਿਮਰਤਾ ਦਾ ਪ੍ਰਤੀਕ) ਅਤੇ ਚਹੁੰ ਵਰਨਾਂ ਤੇ ਦਿਸ਼ਾਵਾਂ ਲਈ ਚਾਰੇ ਦਰਵਾਜ਼ੇ ਖੁੱਲ੍ਹੇ ਰੱਖ ਕੇ ਉਸਾਰਿਆ ਗਿਆ।	Foundation Stone of Sri Harmandir Sahib (Golden Temple), Amritsar was laid on 1 Magh 1645 Bk (December 1588). In an extraordinary testament to universal brotherhood, interfaith harmony, and the inclusive spirit of Sikhi, the Fifth Master Sri Guru Arjan Dev Ji invited the venerated Sufi saint of Lahore, Hazrat Sai Mian Mir Ji, to lay the foundation brick of the central shrine. Designed on a lower elevation than the surrounding land to symbolize humility and with four open entrances facing all directions, it welcomes people of every caste, creed, gender, and nation.	श्री हरिमंदिर साहिब (स्वर्ण मंदिर, अमृतसर) का नींव पत्थर दिवस 1 माघ 1588 ईस्वी को मनाया जाता है। सर्वधर्म समभाव और विश्व-बंधुत्व की मिसाल कायम करते हुए, पंचम पातशाह श्री गुरु अर्जन देव जी ने लाहौर के प्रसिद्ध सूफी संत साईं मियां मीर जी के कर-कमलों से इस पावन धाम का नींव पत्थर रखवाया। चारों दिशाओं में खुले चार द्वार हर जाति, वर्ण और धर्म के व्यक्ति के लिए परमात्मा के द्वार हमेशा खुले रहने का संदेश देते हैं।
102	JORMELA_MUKTSAR_MAGHI		7	7	0	Battle_of_Muktsar	ਮਾਘੀ ਮੇਲਾ ਮੁਕਤਸਰ ਸਾਹਿਬ (ਚਾਲੀ ਮੁਕਤੇ)	Maghi Mela Muktsar Sahib (40 Mukte)	माघी मेला मुक्तसर साहिब	ਮਾਘੀ ਮੇਲਾ ਸ੍ਰੀ ਮੁਕਤਸਰ ਸਾਹਿਬ 1 ਮਾਘ (14 ਜਨਵਰੀ) ਨੂੰ ਖਿਦਰਾਣੇ ਦੀ ਢਾਬ ਦੇ ਸ਼ਹੀਦਾਂ ਚਾਲੀ ਮੁਕਤਿਆਂ ਦੀ ਯਾਦ ਵਿੱਚ ਮਨਾਇਆ ਜਾਣ ਵਾਲਾ ਵਿਸ਼ਾਲ ਸਾਲਾਨਾ ਜੋੜ ਮੇਲਾ ਹੈ। ਮਾਈ ਭਾਗੋ ਜੀ ਦੀ ਅਗਵਾਈ ਵਿੱਚ ਆਏ ਇਹਨਾਂ ਚਾਲੀ ਸਿੰਘਾਂ ਨੇ ਮੁਗ਼ਲ ਫ਼ੌਜਾਂ ਦਾ ਮੁਕਾਬਲਾ ਕਰਦਿਆਂ ਸ਼ਹਾਦਤ ਪਾਈ। ਦਸਮੇਸ਼ ਪਿਤਾ ਨੇ ਭਾਈ ਮਹਾਂ ਸਿੰਘ ਦੀ ਬੇਨਤੀ 'ਤੇ ਬੇਦਾਵਾ ਪਾੜ ਕੇ ਟੁੱਟੀ ਗੰਢੀ ਅਤੇ ਇਹਨਾਂ ਸ਼ਹੀਦਾਂ ਨੂੰ ਮੁਕਤਿਆਂ ਦਾ ਵਰਦਾਨ ਬਖ਼ਸ਼ ਕੇ ਇਸ ਸਰੋਵਰ ਦਾ ਨਾਮ ਮੁਕਤਸਰ ਰੱਖਿਆ।	Maghi Mela at Sri Muktsar Sahib is an annual pilgrimage fair held on Magh 1 (January 14), commemorating the historic Battle of Khidrana (1705) and the supreme sacrifice of the Chaali Mukte (Forty Liberated Ones). Led by the valiant warrior Mata Bhago Ji, these forty Sikhs redeemed the disclaimer (Bedawa) they had previously signed at Anandpur Sahib. Sri Guru Gobind Singh Ji tore the paper and blessed them as Mukte (Eternally Liberated), conferring upon the sarovar the name Muktsar (Pool of Salvation).	माघी मेला श्री मुक्तसर साहिब 1 माघ (14 जनवरी) को खिदराने के युद्ध में शहीद हुए चालीस मुक्तों की स्मृति में मनाया जाने वाला विशाल वार्षिक मेला है। वीरांगना माई भागो जी के नेतृत्व में इन चालीस सिखों ने मुगलों से लड़ते हुए वीरगति पाई। गुरु गोबिंद सिंह जी ने भाई महा सिंह की अंतिम विनती पर बेदावा फाड़कर टूटी प्रीति जोड़ी और इस पावन सरोवर को 'मुक्तसर' नाम दिया।
103	HIST_CHABIYAN_DA_MORCHA		7	7	0	Morcha_Chabian	ਚਾਬੀਆਂ ਦਾ ਮੋਰਚਾ	Chabiyan Da Morcha	चाबियों का मोर्चा	ਚਾਬੀਆਂ ਦਾ ਮੋਰਚਾ (ਨਵੰਬਰ 1921 - ਜਨਵਰੀ 1922) ਗੁਰਦੁਆਰਾ ਸੁਧਾਰ ਲਹਿਰ ਦੀ ਇੱਕ ਇਤਿਹਾਸਕ ਜਿੱਤ ਹੈ। ਜਦੋਂ ਅੰਮ੍ਰਿਤਸਰ ਦੇ ਅੰਗਰੇਜ਼ ਡਿਪਟੀ ਕਮਿਸ਼ਨਰ ਨੇ ਸ੍ਰੀ ਹਰਿਮੰਦਰ ਸਾਹਿਬ ਦੇ ਤੋਸ਼ਾਖ਼ਾਨੇ ਦੀਆਂ ਚਾਬੀਆਂ ਖੋਹ ਲਈਆਂ, ਤਾਂ ਬਾਬਾ ਖੜਕ ਸਿੰਘ ਦੀ ਅਗਵਾਈ ਵਿੱਚ ਸਿੱਖਾਂ ਨੇ ਸ਼ਾਂਤਮਈ ਮੋਰਚਾ ਲਾਇਆ। ਅੰਤ ਅੰਗਰੇਜ਼ ਸਰਕਾਰ ਨੂੰ ਝੁਕਣਾ ਪਿਆ ਅਤੇ ਸਰਕਾਰੀ ਅਧਿਕਾਰੀ ਨੇ ਸ੍ਰੀ ਅਕਾਲ ਤਖ਼ਤ ਸਾਹਿਬ 'ਤੇ ਆ ਕੇ ਬਾਬਾ ਖੜਕ ਸਿੰਘ ਨੂੰ ਚਾਬੀਆਂ ਸੌਂਪੀਆਂ। ਇਸ ਜਿੱਤ 'ਤੇ ਮਹਾਤਮਾ ਗਾਂਧੀ ਨੇ ਤਾਰ ਭੇਜ ਕੇ ਵਧਾਈ ਦਿੱਤੀ ਸੀ: 'ਭਾਰਤ ਦੀ ਆਜ਼ਾਦੀ ਦੀ ਪਹਿਲੀ ਨਿਰਣਾਇਕ ਲੜਾਈ ਜਿੱਤ ਲਈ ਗਈ ਹੈ'।	Chabiyan Da Morcha (Keys Agitation, November 1921 – January 1922) was a momentous victory in the Gurdwara Reform Movement. When the British Deputy Commissioner of Amritsar forcibly confiscated the keys to the Tosha-khana (treasury) of Sri Harmandir Sahib, the Sikh Panth under Baba Kharak Singh launched an unyielding non-violent agitation. Faced with mass court-arrests and Panthic resolve, the British administration capitulated, handing the keys back to Baba Kharak Singh at Akal Takht Sahib, prompting Mahatma Gandhi to send a historic telegram: 'First decisive battle for India's freedom won. Congratulations'.	चाबियों का मोर्चा (1921-1922) गुरुद्वारा सुधार आंदोलन की महान विजय थी। जब अमृतसर के डिप्टी कमिश्नर ने श्री हरिमंदिर साहिब के तोशाखाने की चाबियां जब्त कर लीं, तो बाबा खड़क सिंह के नेतृत्व में सिखों ने शांतमयी आंदोलन छेड़ा। झुकते हुए अंग्रेजी हुकूमत ने अकाल तख्त पर आकर चाबियां वापस लौटाईं, जिस पर महात्मा गांधी ने टेलीग्राम भेजकर कहा: 'भारत की आजादी की पहली निर्णायक लड़ाई जीत ली गई है'।
104	BABA_DEEP_SINGH_BIRTH	BABA_DEEP_SINGH	1	5	70	Baba_Deep_Singh	ਪ੍ਰਕਾਸ਼ ਦਿਹਾੜਾ ਬਾਬਾ ਦੀਪ ਸਿੰਘ ਜੀ	Prakash Diwas Baba Deep Singh Ji	जन्म दिवस बाबा दीप सिंह जी	ਅਮਰ ਸ਼ਹੀਦ ਬਾਬਾ ਦੀਪ ਸਿੰਘ ਜੀ (1682-1757) ਦਾ ਪ੍ਰਕਾਸ਼ ਦਿਹਾੜਾ। ਆਪ ਜੀ ਦਾ ਜਨਮ ਪਿੰਡ ਪਹੂਵਿੰਡ (ਤਰਨ ਤਾਰਨ) ਵਿਖੇ ਭਾਈ ਭਗਤਾ ਜੀ ਅਤੇ ਮਾਤਾ ਜਿਉਣ ਜੀ ਦੇ ਗ੍ਰਹਿ ਹੋਇਆ। ਆਪ ਜੀ ਨੇ ਸ੍ਰੀ ਅਨੰਦਪੁਰ ਸਾਹਿਬ ਵਿਖੇ ਦਸਮੇਸ਼ ਪਿਤਾ ਅਤੇ ਭਾਈ ਮਣੀ ਸਿੰਘ ਜੀ ਪਾਸੋਂ ਗੁਰਬਾਣੀ ਅਤੇ ਸ਼ਸਤਰ ਵਿੱਦਿਆ ਪ੍ਰਾਪਤ ਕੀਤੀ। ਆਪ ਜੀ ਨੇ ਸ੍ਰੀ ਗੁਰੂ ਗ੍ਰੰਥ ਸਾਹਿਬ ਜੀ ਦੇ ਚਾਰ ਪਾਵਨ ਸਰੂਪ ਆਪਣੇ ਹੱਥੀਂ ਲਿਖ ਕੇ ਚਾਰੇ ਤਖ਼ਤਾਂ 'ਤੇ ਭੇਜੇ ਅਤੇ ਦਮਦਮੀ ਟਕਸਾਲ ਦੇ ਪਹਿਲੇ ਜਥੇਦਾਰ ਬਣੇ।	Prakash Diwas of Amar Shaheed Baba Deep Singh Ji (1682–1757), born at Pahuwind (Tarn Taran) to Bhai Bhagata Ji and Mata Jeoni Ji. An extraordinary scholar of Sikh scripture and languages, he studied at Anandpur Sahib under Guru Gobind Singh Ji and Bhai Mani Singh Ji, prepared handwritten copies of Sri Guru Granth Sahib Ji, and became the founding Jathedar of Damdami Taksal and the Shaheedan Misl, exemplifying the ideal Khalsa synthesis of supreme scholarship (Bhakti) and unmatched warrior bravery (Shakti).	अमर शहीद बाबा दीप सिंह जी (1682-1757) का प्रकाश दिवस। आपका जन्म गांव पहुविंड (तरन तारन) में भाई भगता जी और माता जिउणी जी के घर हुआ। आपने आनंदपुर साहिब में दशमेश पिता और भाई मणि सिंह जी से गुरबाणी और शस्त्र विद्या प्राप्त की। आपने श्री गुरु ग्रंथ साहिब जी के पावन स्वरूप अपने हाथों से लिखकर चारों तख्तों पर भेजे और दमदमी टकसाल के प्रथम जत्थेदार बने।
105	VADDHA_GHALLUGHARA		7	7	75	Vadda_Ghallughara	ਵੱਡਾ ਘੱਲੂਘਾਰਾ (੧੭੬੨ ਈ:)	Vaddha Ghallughara (Great Holocaust 1762)	वड्डा घल्लूघारा (1762 ई.)	ਵੱਡਾ ਘੱਲੂਘਾਰਾ 5 ਫ਼ਰਵਰੀ 1762 ਨੂੰ ਮਲੇਰਕੋਟਲਾ ਨੇੜੇ ਕੂਪ-ਰਹੀੜਾ ਦੇ ਮੈਦਾਨ ਵਿੱਚ ਵਾਪਰਿਆ ਸਿੱਖ ਇਤਿਹਾਸ ਦਾ ਸਭ ਤੋਂ ਵੱਡਾ ਖ਼ੂਨੀ ਸਾਕਾ ਹੈ। ਅਹਿਮਦ ਸ਼ਾਹ ਅਬਦਾਲੀ ਨੇ ਵਿਸ਼ਾਲ ਲਸ਼ਕਰ ਨਾਲ ਦਲ ਖ਼ਾਲਸਾ ਦੇ ਚਲਦੇ-ਫਿਰਦੇ ਕਾਫ਼ਲੇ (ਬੱਚਿਆਂ, ਔਰਤਾਂ ਤੇ ਬਜ਼ੁਰਗਾਂ) 'ਤੇ ਅਚਾਨਕ ਹਮਲਾ ਬੋਲਿਆ। ਸਰਦਾਰ ਜੱਸਾ ਸਿੰਘ ਆਹਲੂਵਾਲੀਆ ਤੇ ਚੜ੍ਹਤ ਸਿੰਘ ਸ਼ੁੱਕਰਚੱਕੀਆ ਦੀ ਅਗਵਾਈ ਵਿੱਚ ਸਿੰਘਾਂ ਨੇ ਘੇਰਾ ਬਣਾ ਕੇ ਲੜਦਿਆਂ ਪਰਿਵਾਰਾਂ ਦੀ ਰਾਖੀ ਕੀਤੀ। ਇਸ ਇੱਕੋ ਦਿਨ ਵਿੱਚ 25,000 ਤੋਂ 30,000 ਸਿੱਖ ਸ਼ਹੀਦ ਹੋਏ, ਪਰ ਖ਼ਾਲਸੇ ਨੇ ਚੜ੍ਹਦੀ ਕਲਾ ਨਾਲ ਕੁਝ ਹੀ ਮਹੀਨਿਆਂ ਵਿੱਚ ਮੁੜ ਅਬਦਾਲੀ ਨੂੰ ਭਾਂਜ ਦਿੱਤੀ।	Vaddha Ghallughara (Great Holocaust) occurred on February 5, 1762 at Kup-Rahira near Malerkotla. Afghan invader Ahmed Shah Abdali surprised the moving Sikh encampment (Dal Khalsa with women, children, and elderly). The Sikh warriors under Jathedar Jassa Singh Ahluwalia and Charat Singh Sukerchakia formed a moving protective cordon around the civilians, fighting continuously for over twenty miles. Between 25,000 and 30,000 Sikhs attained martyrdom in a single day, yet the Khalsa rebounded within months to conquer Sirhind and Lahore.	बड़ा घल्लूघारा 5 फरवरी 1762 को मलेरकोटला के समीप कूप-रहीड़ा में घटित हुआ सिख इतिहास का सबसे भीषण नरसंहार था। अहमद शाह अब्दाली की विशाल सेना ने चलते-फिरते सिख परिवार और दल खालसा पर अचानक हमला किया। सरदार जस्सा सिंह आहलूवालिया के नेतृत्व में सिखों ने परिवारों को घेरे में लेकर वीरतापूर्वक मुकाबला किया। एक ही दिन में 25,000 से 30,000 सिखों ने शहादत दी, परंतु इस भीषण नरसंहार के बावजूद खालसा कुछ ही महीनों में पुनः विजयी हुआ।
106	GURU_GOBIND_SINGH_WEDDING	GURU_GOBIND_SINGH	7	7	0	Guru_Gobind_Singh	ਵਿਆਹ ਪੁਰਬ ਸ੍ਰੀ ਗੁਰੂ ਗੋਬਿੰਦ ਸਿੰਘ ਜੀ	Wedding Anniversary Sri Guru Gobind Singh Ji	विवाह पुरब श्री गुरु गोबिंद सिंह जी	ਦਸਮੇਸ਼ ਪਿਤਾ ਸ੍ਰੀ ਗੁਰੂ ਗੋਬਿੰਦ ਸਿੰਘ ਜੀ ਦਾ ਪਾਵਨ ਵਿਆਹ ਪੁਰਬ (ਗੁਰੂ ਕੇ ਲਾਹੌਰ)। ਜਦੋਂ ਮਾਤਾ ਜੀਤੋ ਜੀ ਦੇ ਪਰਿਵਾਰ ਨੇ ਲਾਹੌਰ ਵਿਖੇ ਆਨੰਦ ਕਾਰਜ ਕਰਨ ਦੀ ਬੇਨਤੀ ਕੀਤੀ, ਤਾਂ ਗੁਰੂ ਸਾਹਿਬ ਨੇ ਸ੍ਰੀ ਅਨੰਦਪੁਰ ਸਾਹਿਬ ਦੇ ਨੇੜੇ ਹੀ ਪਹਾੜੀਆਂ ਦੀ ਗੋਦ ਵਿੱਚ ਇੱਕ ਖ਼ੂਬਸੂਰਤ ਨਗਰ 'ਗੁਰੂ ਕਾ ਲਾਹੌਰ' ਵਸਾਇਆ, ਜਿੱਥੇ ਪੂਰਨ ਗੁਰਮਤਿ ਮਰਯਾਦਾ ਅਨੁਸਾਰ ਪਾਵਨ ਆਨੰਦ ਕਾਰਜ ਸੰਪੰਨ ਹੋਇਆ।	Wedding Anniversary of Sri Guru Gobind Singh Ji (Guru Kian Vandiyan) celebrated at Guru Ka Lahore (Himachal Pradesh, near Anandpur Sahib). When the bride Mata Jito Ji's family from Lahore requested the wedding be performed in their city, Guru Ji decreed that Lahore would be brought to Anandpur, creating the scenic settlement of Guru Ka Lahore where the joyous royal wedding was solemnized with great reverence and spiritual devotion.	दशमेश पिता श्री गुरु गोबिंद सिंह जी का पावन विवाह पर्व (गुरु का लाहौर)। जब माता जीतो जी के परिवार ने लाहौर में विवाह का आग्रह किया, तो गुरु साहिब ने आनंदपुर साहिब के समीप ही 'गुरु का लाहौर' नामक पावन स्थल बसाया, जहाँ पूरे धार्मिक उल्लास और मर्यादा के साथ आनंद कारज संपन्न हुआ।
107	HIST_BASANT_PANCHAMI		7	7	0	Basant	ਬਸੰਤ ਪੰਚਮੀ	Basant Panchami	बसंत पंचमी	ਬਸੰਤ ਪੰਚਮੀ ਸਿੱਖ ਪਰੰਪਰਾ ਵਿੱਚ ਰੂਹਾਨੀ ਖੇੜੇ, ਨਵੀਂ ਉਮੰਗ ਅਤੇ ਬਸੰਤ ਰੁੱਤ ਦੇ ਆਗਮਨ ਦਾ ਪ੍ਰਤੀਕ ਹੈ। ਇਸ ਦਿਨ ਤੋਂ ਸ੍ਰੀ ਗੁਰੂ ਗ੍ਰੰਥ ਸਾਹਿਬ ਜੀ ਵਿੱਚ ਦਰਜ ਰਾਗੁ ਬਸੰਤ ਦੀ ਚੌਂਕੀ ਆਰੰਭ ਹੁੰਦੀ ਹੈ ਜੋ ਹੋਲੇ ਮਹੱਲੇ ਤੱਕ ਗਾਈ ਜਾਂਦੀ ਹੈ। ਇਤਿਹਾਸਕ ਤੌਰ 'ਤੇ ਗੁਰਦੁਆਰਾ ਛੇਹਰਟਾ ਸਾਹਿਬ (ਸ੍ਰੀ ਅੰਮ੍ਰਿਤਸਰ) ਵਿਖੇ ਛੇਵੇਂ ਪਾਤਸ਼ਾਹ ਸ੍ਰੀ ਗੁਰੂ ਹਰਿਗੋਬਿੰਦ ਸਾਹਿਬ ਜੀ ਦੇ ਜਨਮ ਦੀ ਖ਼ੁਸ਼ੀ ਵਿੱਚ ਵਿਸ਼ਾਲ ਮੇਲਾ ਲੱਗਦਾ ਹੈ।	Basant Panchami in Sikh tradition marks the arrival of spring (Vasant Ritu) and spiritual renewal. Commencing on this day, the devotional singing of Raag Basant from Sri Guru Granth Sahib Ji is traditionally initiated across Gurdwaras up until Hola Mahalla. Historically, it is celebrated with grand fervor at Gurdwara Chheharta Sahib (Amritsar), commemorating the birth of the Sixth Master, Sri Guru Hargobind Sahib Ji, in response to Mata Ganga Ji's prayers.	बसंत पंचमी सिख परंपरा में आध्यात्मिक उल्लास और वसंत ऋतु के आगमन का पावन पर्व है। इस दिन से गुरुद्वारों में श्री गुरु ग्रंथ साहिब जी के राग बसंत का गायन प्रारंभ होता है जो होला महल्ला तक चलता है। ऐतिहासिक रूप से अमृतसर के गुरुद्वारा छेहरटा साहिब में छठे पातशाह श्री गुरु हरगोविंद साहिब जी के प्राकट्य की खुशी में भारी मेला भरता है।
108	SAHIBZADA_AJIT_SINGH_BIRTH	SAHIBZADA_AJIT_SINGH	1	3	80	Sahibzada_Ajit_Singh	ਪ੍ਰਕਾਸ਼ ਦਿਹਾੜਾ ਸਾਹਿਬਜ਼ਾਦਾ ਅਜੀਤ ਸਿੰਘ ਜੀ	Prakash Diwas Sahibzada Ajit Singh Ji	जन्म दिवस साहिबजादा अजीत सिंह जी	ਦਸਮੇਸ਼ ਪਿਤਾ ਸ੍ਰੀ ਗੁਰੂ ਗੋਬਿੰਦ ਸਿੰਘ ਜੀ ਅਤੇ ਮਾਤਾ ਸੁੰਦਰੀ ਜੀ ਦੇ ਵੱਡੇ ਸਪੁੱਤਰ ਬਾਬਾ ਅਜੀਤ ਸਿੰਘ ਜੀ (1687-1705) ਦਾ ਪ੍ਰਕਾਸ਼ ਦਿਹਾੜਾ, ਜਿਨ੍ਹਾਂ ਦਾ ਜਨਮ ਪਾਉਂਟਾ ਸਾਹਿਬ ਵਿਖੇ ਹੋਇਆ। ਆਪ ਜੀ ਖ਼ਾਲਸਾਈ ਫ਼ੌਜਾਂ ਦੇ ਮੋਹਰੀ ਜਰਨੈਲ ਸਨ, ਜਿਨ੍ਹਾਂ ਨੇ ਬੱਸੀ ਪਠਾਣਾਂ ਵਿਖੇ ਜ਼ਾਲਮਾਂ ਤੋਂ ਬ੍ਰਾਹਮਣੀ ਨੂੰ ਛੁਡਵਾਇਆ ਅਤੇ ਚਮਕੌਰ ਦੀ ਜੰਗ ਵਿੱਚ 18 ਸਾਲ ਦੀ ਉਮਰ ਵਿੱਚ ਦੁਸ਼ਮਣਾਂ ਦੇ ਆਹੂ ਲਾਹੁੰਦਿਆਂ ਅਦੁੱਤੀ ਸ਼ਹਾਦਤ ਪ੍ਰਾਪਤ ਕੀਤੀ।	Prakash Diwas of Baba Ajit Singh Ji (1687–1705), the eldest son of Sri Guru Gobind Singh Ji and Mata Sundri Ji, born at Paonta Sahib. A consummate warrior and commander of the Khalsa army from youth, he led expeditions against tyrant hill chieftains, rescued the Brahmin's abducted wife at Bassi Pathanan, and heroically commanded the frontlines at Chamkaur Sahib, attaining supreme martyrdom at age eighteen after cutting down scores of enemy soldiers.	दशमेश पिता श्री गुरु गोबिंद सिंह जी और माता सुंदरी जी के ज्येष्ठ सुपुत्र बाबा अजीत सिंह जी (1687-1705) का प्रकाश दिवस, जिनका जन्म पोंटा साहिब में हुआ। आप खालसा सेना के अद्वितीय सेनापति थे, जिन्होंने अनेक अभियानों का नेतृत्व किया और चमकौर साहिब के युद्ध में मात्र 18 वर्ष की आयु में अभूतपूर्व शौर्य दिखाते हुए शहादत पाई।
109	GURU_HAR_RAI_BIRTH	GURU_HAR_RAI	1	1	90	Guru_Har_Rai	ਪ੍ਰਕਾਸ਼ ਗੁਰਪੁਰਬ ਗੁਰੂ ਹਰਿ ਰਾਇ ਜੀ	Prakash Purab Guru Har Rai Ji	प्रकाश पुरब गुरु हरि राय जी	ਸੱਤਵੇਂ ਪਾਤਸ਼ਾਹ ਸ੍ਰੀ ਗੁਰੂ ਹਰਿ ਰਾਇ ਜੀ (1630-1661) ਦਾ ਪ੍ਰਕਾਸ਼ ਗੁਰਪੁਰਬ। ਆਪ ਜੀ ਦਾ ਪ੍ਰਕਾਸ਼ ਕੀਰਤਪੁਰ ਸਾਹਿਬ ਵਿਖੇ ਬਾਬਾ ਗੁਰਦਿੱਤਾ ਜੀ ਅਤੇ ਮਾਤਾ ਨਿਹਾਲ ਕੌਰ ਜੀ ਦੇ ਗ੍ਰਹਿ ਹੋਇਆ। ਆਪ ਜੀ ਨਿਮਰਤਾ, ਦਇਆ, ਕੁਦਰਤ-ਪ੍ਰੇਮ ਅਤੇ ਕੋਮਲ ਹਿਰਦੇ ਦੇ ਮਾਲਕ ਸਨ। ਆਪ ਜੀ ਨੇ 2,200 ਸਵਾਰਾਂ ਦੀ ਸ਼ਾਂਤਮਈ ਰੱਖਿਅਕ ਫ਼ੌਜ ਰੱਖੀ ਪਰ ਕਦੇ ਵੀ ਤਲਵਾਰ ਦੀ ਪਹਿਲ ਨਹੀਂ ਕੀਤੀ, ਅਤੇ ਇੱਕ ਵਿਸ਼ਾਲ ਔਸ਼ਧਾਲਿਆ (ਦਵਾਖ਼ਾਨਾ) ਸਥਾਪਿਤ ਕਰਕੇ ਮਨੁੱਖਤਾ ਦੀ ਸੇਵਾ ਕੀਤੀ।	Prakash Purab of the Seventh Master, Sri Guru Har Rai Ji (1630–1661), born at Kiratpur Sahib to Baba Gurditta Ji and Mata Nihal Kaur (Ananti) Ji. Characterized by profound serenity, supreme kindness, environmental care, and deep compassion for all sentient beings, he maintained an army of 2,200 armed horsemen strictly for defense while establishing animal sanctuaries, gardens of medicinal herbs, and hospitals providing free remedies to suffering humanity.	सातवें पातशाह श्री गुरु हरि राय जी (1630-1661) का प्रकाश गुरपुरब। आपका जन्म कीरतपुर साहिब में बाबा गुरदित्ता जी और माता निहाल कौर जी के घर हुआ। आप असीम दया, कोमल स्वभाव और प्रकृति प्रेम के प्रतीक थे। आपने 2,200 घुड़सवारों की सेना रखी और एक विशाल औषधालय स्थापित कर निःस्वार्थ भाव से रोगियों और असहायों की सेवा की।
110	BHAGAT_RAVIDAS_BIRTH	BHAGAT_RAVIDAS	1	2	70	Bhagat_Ravidas	ਪ੍ਰਕਾਸ਼ ਦਿਹਾੜਾ ਭਗਤ ਰਵਿਦਾਸ ਜੀ	Prakash Diwas Bhagat Ravidas Ji	जन्म दिवस भगत रविदास जी	ਕ੍ਰਾਂਤੀਕਾਰੀ ਸੰਤ ਭਗਤ ਰਵਿਦਾਸ ਜੀ (1377-1527) ਦਾ ਪ੍ਰਕਾਸ਼ ਦਿਹਾੜਾ, ਜਿਨ੍ਹਾਂ ਦਾ ਜਨਮ ਕਾਂਸ਼ੀ (ਬਨਾਰਸ) ਵਿਖੇ ਹੋਇਆ। ਆਪ ਜੀ ਨੇ ਜਾਤ-ਪਾਤ, ਊਚ-ਨੀਚ ਅਤੇ ਛੂਤ-ਛਾਤ ਦੇ ਭੇਦਭਾਵ ਵਿਰੁੱਧ ਜ਼ੋਰਦਾਰ ਆਵਾਜ਼ ਬੁਲੰਦ ਕੀਤੀ ਅਤੇ 'ਬੇਗਮ ਪੁਰਾ ਸਹਰ ਕੋ ਨਾਉ॥ ਦੂਖੁ ਅੰਦੋਹੁ ਨਹੀ ਤਿਹਿ ਠਾਉ॥' ਦੇ ਰੂਪ ਵਿੱਚ ਬਰਾਬਰੀ ਵਾਲੇ ਆਦਰਸ਼ ਸਮਾਜ ਦਾ ਸੰਕਲਪ ਦਿੱਤਾ। ਸ੍ਰੀ ਗੁਰੂ ਗ੍ਰੰਥ ਸਾਹਿਬ ਜੀ ਵਿੱਚ ਭਗਤ ਰਵਿਦਾਸ ਜੀ ਦੇ 16 ਰਾਗਾਂ ਵਿੱਚ 40 ਪਾਵਨ ਸ਼ਬਦ ਸੁਸ਼ੋਭਿਤ ਹਨ।	Prakash Diwas of Bhagat Ravidas Ji (1377–1527), the revolutionary saint-philosopher and shoemaker of Varanasi. Fearlessly denouncing the oppression of the caste hierarchy, ritual untouchability, and social inequality, he envisioned the egalitarian divine city of 'Begampura' (the City without Sorrow), where there is no grief, tax, or second-class citizenship. Sri Guru Granth Sahib Ji reverently enshrines 40 of his sacred hymns across 16 Raags.	महान क्रांतिकारी संत भगत रविदास जी (1377-1527) का प्रकाश दिवस, जिनका जन्म काशी (वाराणसी) में हुआ। आपने जाति-पाति, छुआछूत और आडंबरों का खंडन कर 'बेगमपुरा' (दुख-रहित समतावादी समाज) की दिव्य अवधारणा प्रस्तुत की। श्री गुरु ग्रंथ साहिब जी में 16 रागों के अंतर्गत भगत रविदास जी के 40 पावन पद दर्ज हैं, जो मानवीय समानता और भक्ति का अमर संदेश देते हैं।
111	SAKA_NANKANA_SAHIB		7	7	70	Saka_Nankana	ਸਾਕਾ ਨਨਕਾਣਾ ਸਾਹਿਬ (ਸ਼ਹੀਦੀ ਜਥਾ ਭਾਈ ਲਛਮਣ ਸਿੰਘ)	Saka Nankana Sahib	साका ननकाना साहिब	ਸਾਕਾ ਸ੍ਰੀ ਨਨਕਾਣਾ ਸਾਹਿਬ 20 ਫ਼ਰਵਰੀ 1921 ਨੂੰ ਗੁਰਦੁਆਰਾ ਜਨਮ ਅਸਥਾਨ (ਪਾਕਿਸਤਾਨ) ਵਿਖੇ ਵਾਪਰਿਆ ਲਾਸਾਨੀ ਸ਼ਹੀਦੀ ਸਾਕਾ ਹੈ। ਗੁਰਦੁਆਰਾ ਸਾਹਿਬ ਨੂੰ ਭ੍ਰਿਸ਼ਟ ਮਹੰਤ ਨਰੈਣ ਦਾਸ ਦੇ ਕਬਜ਼ੇ ਵਿੱਚੋਂ ਸ਼ਾਂਤਮਈ ਢੰਗ ਨਾਲ ਆਜ਼ਾਦ ਕਰਵਾਉਣ ਲਈ ਪੁੱਜੇ ਭਾਈ ਲਛਮਣ ਸਿੰਘ ਧਾਰੋਵਾਲੀ ਸਮੇਤ 130 ਤੋਂ ਵੱਧ ਸ਼ਾਂਤਮਈ ਸਿੰਘਾਂ ਨੂੰ ਮਹੰਤ ਦੇ ਗੁੰਡਿਆਂ ਨੇ ਗੋਲੀਆਂ, ਕੁਹਾੜੀਆਂ ਨਾਲ ਸ਼ਹੀਦ ਕੀਤਾ ਅਤੇ ਜੰਡ ਦੇ ਰੁੱਖ ਨਾਲ ਪੁੱਠਾ ਟੰਗ ਕੇ ਜਿਉਂਦਿਆਂ ਸਾੜ ਦਿੱਤਾ। ਇਸ ਮਹਾਨ ਕੁਰਬਾਨੀ ਨੇ ਸਮੁੱਚੇ ਪੰਥ ਨੂੰ ਝੰਜੋੜਿਆ ਅਤੇ ਗੁਰਧਾਮਾਂ ਦੀ ਆਜ਼ਾਦੀ ਦਾ ਮਾਰਗ ਪੱਧਰਾ ਕੀਤਾ।	Saka Nankana Sahib (February 20, 1921) is a watershed massacre in the Gurdwara Reform Movement. Over 130 peaceful, unarmed Akali Sikh reformers led by Jathedar Bhai Lachhman Singh Dharowali entered Gurdwara Janam Asthan to liberate the sacred birthplace of Guru Nanak Dev Ji from the moral depravity of Mahant Narain Das. The Mahant's hired mercenaries attacked the kneeling, praying Sikhs with bullets, swords, and axes, brutally hanging Bhai Lachhman Singh upside down from a Jand tree and burning the martyrs alive with kerosene. Their supreme sacrifice galvanized the Panth, leading directly to the liberation of the shrine and the rise of the SGPC.	साका श्री ननकाना साहिब 20 फरवरी 1921 को गुरुद्वारा जन्म स्थान (पाकिस्तान) में घटित बलिदान का साका है। गुरुद्वारे को भ्रष्ट महंत नारायण दास से मुक्त कराने पहुंचे भाई लक्ष्मण सिंह धारोवाली के नेतृत्व में 130 से अधिक शांत सिखों पर गोलियां चलाई गईं और उन्हें जिंदा जला दिया गया। इस महान शहादत ने गुरुद्वारा सुधार आंदोलन को प्रचंड बल दिया और ऐतिहासिक गुरुधामों को मुक्त कराया।
112	JAITO_DA_MORCHA		7	7	70	Jaito_Morcha	ਜੈਤੋ ਦਾ ਮੋਰਚਾ	Jaito Da Morcha	जैतो का मोर्चा	ਜੈਤੋ ਦਾ ਮੋਰਚਾ (1923-1925) ਗੁਰਦੁਆਰਾ ਗੰਗਸਰ ਜੈਤੋ (ਨਾਭਾ ਰਿਆਸਤ) ਵਿਖੇ ਅੰਗਰੇਜ਼ ਹਕੂਮਤ ਵੱਲੋਂ ਖੰਡਿਤ ਕੀਤੇ ਗਏ ਸ੍ਰੀ ਅਖੰਡ ਪਾਠ ਸਾਹਿਬ ਨੂੰ ਮੁੜ ਸ਼ੁਰੂ ਕਰਵਾਉਣ ਲਈ ਲਾਇਆ ਗਿਆ ਇਤਿਹਾਸਕ ਸ਼ਾਂਤਮਈ ਮੋਰਚਾ ਸੀ। ਸਿੱਖਾਂ ਦੇ 500-500 ਦੇ ਨਿਹੱਥੇ ਜਥਿਆਂ 'ਤੇ ਅੰਗਰੇਜ਼ ਫ਼ੌਜ ਨੇ ਮਸ਼ੀਨਗੰਨਾਂ ਨਾਲ ਗੋਲੀਆਂ ਚਲਾਈਆਂ, ਜਿਸ ਵਿੱਚ ਅਨੇਕਾਂ ਸਿੰਘ ਸ਼ਹੀਦ ਹੋਏ। ਅੰਤ ਵਿੱਚ ਸਿੱਖਾਂ ਦੇ ਅਡੋਲ ਸਿਦਕ ਅੱਗੇ ਅੰਗਰੇਜ਼ ਸਰਕਾਰ ਝੁਕੀ, ਅਖੰਡ ਪਾਠ ਮੁੜ ਸੰਪੰਨ ਹੋਇਆ ਅਤੇ 1925 ਦਾ ਇਤਿਹਾਸਕ ਸਿੱਖ ਗੁਰਦੁਆਰਾ ਐਕਟ ਹੋਂਦ ਵਿੱਚ ਆਇਆ।	Jaito Da Morcha (1923–1925) was a peaceful struggle launched by the Akali Panth to re-establish the disrupted Sri Akhand Path Sahib at Gurdwara Tibbi Sahib, Gangsar Jaito, which was forcibly stopped by the British administration following the deposition of the pro-Akali Maharaja of Nabha. Unarmed Jathas of 500 Sikhs repeatedly marched to Jaito, enduring machine-gun fire and brutal baton charges. The unflinching discipline of the Sikhs won worldwide admiration (including from Jawaharlal Nehru, who was arrested there) and forced the British government to pass the landmark Sikh Gurdwaras Act of 1925.	जैतो का मोर्चा (1923-1925) गुरुद्वारा गंगसर जैतो में ब्रिटिश प्रशासन द्वारा खंडित किए गए श्री अखंड पाठ साहिब को पुनः आरंभ कराने के लिए लड़ा गया शांतिपूर्ण आंदोलन था। 500-500 के शांत सिख जत्थों पर गोलियां चलाई गईं जिसमें कई वीर शहीद हुए। अंततः अंग्रेजी हुकूमत झुकी, अखंड पाठ संपन्न हुआ और 1925 का ऐतिहासिक सिख गुरुद्वारा अधिनियम पारित हुआ।
113	HIST_DARBAR_SAHIB_AMRITSAR_FOUNDATION		7	7	0	Harmandir_Sahib	ਸ੍ਰੀ ਅੰਮ੍ਰਿਤਸਰ ਸ਼ਹਿਰ ਸਥਾਪਨਾ ਦਿਵਸ	Foundation of Sri Amritsar City	श्री अमृतसर स्थापना दिवस	ਸ੍ਰੀ ਅੰਮ੍ਰਿਤਸਰ ਸ਼ਹਿਰ ਸਥਾਪਨਾ ਦਿਵਸ ਚੌਥੇ ਪਾਤਸ਼ਾਹ ਸ੍ਰੀ ਗੁਰੂ ਰਾਮਦਾਸ ਜੀ ਵੱਲੋਂ 1577 ਈਸਵੀ ਵਿੱਚ ਪਵਿੱਤਰ ਨਗਰੀ 'ਗੁਰੂ ਕਾ ਚੱਕ' (ਚੱਕ ਰਾਮਦਾਸ/ਸ੍ਰੀ ਅੰਮ੍ਰਿਤਸਰ) ਦੀ ਨੀਂਹ ਰੱਖਣ ਦਾ ਇਤਿਹਾਸਕ ਦਿਨ ਹੈ। ਗੁਰੂ ਸਾਹਿਬ ਨੇ ਪਵਿੱਤਰ ਅੰਮ੍ਰਿਤ ਸਰੋਵਰ ਦੀ ਖੁਦਾਈ ਕਰਵਾਈ ਅਤੇ ਵੱਖ-ਵੱਖ 52 ਕਿੱਤਿਆਂ ਦੇ ਵਪਾਰੀਆਂ ਤੇ ਦਸਤਕਾਰਾਂ ਨੂੰ ਇੱਥੇ ਵਸਾ ਕੇ ਇਸ ਨਗਰ ਨੂੰ ਰੂਹਾਨੀਅਤ, ਬਰਾਬਰੀ ਅਤੇ ਵਪਾਰ ਦਾ ਮਹਾਨ ਸਵੈ-ਨਿਰਭਰ ਕੇਂਦਰ ਬਣਾਇਆ।	Foundation of Sri Amritsar City commemorates the establishment of the sacred city (originally known as Guru Ka Chakk, Chakk Ramdas, or Ramdaspur) by the Fourth Master, Sri Guru Ram Das Ji, in 1577 CE. Acquiring land and excavating the sacred Amrit Sarovar (Pool of Nectar), Guru Ji invited traders, craftsmen, and merchants of 52 distinct vocations to settle around the holy shrine, creating a flourishing center of spiritual enlightenment, social equality, and economic independence.	श्री अमृतसर शहर स्थापना दिवस चौथे पातशाह श्री गुरु रामदास जी द्वारा 1577 ईस्वी में 'गुरु का चक्क' (चक्क रामदास/श्री अमृतसर) की स्थापना का ऐतिहासिक दिवस है। गुरु साहिब ने पवित्र अमृत सरोवर की खुदाई करवाई और 52 व्यवसायों के शिल्पकारों व व्यापारियों को बसाकर इस नगर को आध्यात्मिकता, समानता और स्वावलंबन का महान केंद्र बनाया।
114	SANGRAND_CHET		6	7	0		ਸੰਗਰਾਂਦ ਮਾਹ ਚੇਤ	Sangrand Month Chet	संगरांद माह चेत	ਸੰਗਰਾਂਦ ਮਾਹ ਚੇਤ (ਅੱਧ-ਮਾਰਚ ਤੋਂ ਅੱਧ-ਅਪ੍ਰੈਲ) ਨਾਨਕਸ਼ਾਹੀ ਸੰਮਤ ਦੇ ਨਵੇਂ ਸਾਲ ਅਤੇ ਬਸੰਤ ਰੁੱਤ ਦੇ ਆਗਮਨ ਦਾ ਪ੍ਰਤੀਕ ਹੈ। ਕੁਦਰਤ ਅੰਗੜਾਈ ਲੈਂਦੀ ਹੈ, ਜੰਗਲ-ਬੇਲੇ ਰੰਗ-ਬਰੰਗੇ ਫੁੱਲਾਂ ਨਾਲ ਮਹਿਕ ਉੱਠਦੇ ਹਨ ਅਤੇ ਭੌਰੇ ਗੂੰਜਾਰਾਂ ਪਾਉਂਦੇ ਹਨ। ਰਾਗੁ ਤੁਖਾਰੀ ਬਾਰਹ ਮਾਹਾ ਵਿੱਚ ਸ੍ਰੀ ਗੁਰੂ ਨਾਨਕ ਦੇਵ ਜੀ ਫ਼ੁਰਮਾਉਂਦੇ ਹਨ: 'ਚੇਤੁ ਬਸੰਤੁ ਭਲਾ ਭਵਰ ਸੁਹਾਵੜੇ॥ ਬਨ ਫੂਲੇ ਮੰਝ ਬਾਰਿ ਮੈ ਘਰਿ ਪਿਰੁ ਆਵੈ॥', ਅਤੇ ਰਾਗੁ ਮਾਝ ਬਾਰਹ ਮਾਹਾ ਵਿੱਚ ਪੰਚਮ ਪਾਤਸ਼ਾਹ ਸ੍ਰੀ ਗੁਰੂ ਅਰਜਨ ਦੇਵ ਜੀ ਉਪਦੇਸ਼ ਕਰਦੇ ਹਨ: 'ਚੇਤਿ ਗੋਵਿੰਦੁ ਅਰਾਧੀਐ ਹੋਵੈ ਅਨੰਦੁ ਘਣਾ॥' ਭਾਵ ਇਸ ਪਾਵਨ ਮਹੀਨੇ ਵਿੱਚ ਪ੍ਰਭੂ ਦੀ ਅਰਾਧਨਾ ਨਾਲ ਹਿਰਦੇ ਵਿੱਚ ਅਸੀਮ ਆਨੰਦ ਪ੍ਰਗਟ ਹੁੰਦਾ ਹੈ।	Sangrand marks the first day of Chet (mid-March to mid-April), the first month of the Nanakshahi year and the arrival of Vasant Ritu (spring). Nature awakens as wild meadows bloom with colorful flowers, fresh tender leaves sprout, and bumblebees hum joyfully amidst the blossoms. In Barah Maha (Raag Tukhari), Guru Nanak Dev Ji depicts Chet as a delightful season when forests bloom across the wilds ('ਚੇਤੁ ਬਸੰਤੁ ਭਲਾ ਭਵਰ ਸੁਹਾਵੜੇ॥ ਬਨ ਫੂਲੇ ਮੰਝ ਬਾਰਿ'), teaching that the soul truly blossoms when the Beloved Lord returns to dwell within the heart. In Raag Majh, Guru Arjan Dev Ji proclaims that meditating upon Govind in Chet brings overflowing divine bliss ('ਚੇਤਿ ਗੋਵਿੰਦੁ ਅਰਾਧੀਐ ਹੋਵੈ ਅਨੰਦੁ ਘਣਾ').	संगरांद माह चेत (मध्य-मार्च से मध्य-अप्रैल) नानकशाही संवत के नए वर्ष और वसंत ऋतु के आगमन का प्रतीक है। प्रकृति में नई उमंग छा जाती है, वन-उपवन रंग-बिरंगे फूलों से खिल उठते हैं और भौंरे आनंद से गुंजार करते हैं। राग तुखारी बारह माहा में श्री गुरु नानक देव जी फरमाते हैं: 'चेतु बसंतु भला भवर सुहावड़े॥ बन फूले मंझ बारि', और राग माझ बारह माहा में पंचम पातशाह श्री गुरु अर्जन देव जी उपदेश देते हैं: 'चेति गोविंदु अराधीऐ होवै अनंदु घणा॥' अर्थात इस पावन महीने में प्रभु सिमरन से मन में असीम आनंद का संचार होता है।
115	SANGRAND_VAISAKH		6	7	0		ਸੰਗਰਾਂਦ ਮਾਹ ਵੈਸਾਖ	Sangrand Month Vaisakh	संगरांद माह वैसाख	ਸੰਗਰਾਂਦ ਮਾਹ ਵੈਸਾਖ (ਅੱਧ-ਅਪ੍ਰੈਲ ਤੋਂ ਅੱਧ-ਮਈ) ਨਾਨਕਸ਼ਾਹੀ ਕੈਲੰਡਰ ਦਾ ਦੂਜਾ ਮਹੀਨਾ ਹੈ, ਜੋ ਪੰਜਾਬ ਦੇ ਖੇਤਾਂ ਵਿੱਚ ਸੁਨਹਿਰੀ ਕਣਕਾਂ ਦੇ ਪੱਕਣ ਅਤੇ ਵਾਢੀ ਦਾ ਪ੍ਰਤੀਕ ਹੈ। ਰਾਗੁ ਤੁਖਾਰੀ ਬਾਰਹ ਮਾਹਾ ਵਿੱਚ ਸ੍ਰੀ ਗੁਰੂ ਨਾਨਕ ਦੇਵ ਜੀ ਫ਼ੁਰਮਾਉਂਦੇ ਹਨ: 'ਵੈਸਾਖੁ ਭਲਾ ਸਾਖਾ ਵੇਸ ਕਰੇ॥ ਧਨ ਦੇਖੈ ਹਰਿ ਦੁਆਰਿ ਆਵਹੁ ਦਇਆ ਕਰੇ॥' ਰਾਗੁ ਮਾਝ ਵਿੱਚ ਪੰਚਮ ਪਾਤਸ਼ਾਹ ਫ਼ੁਰਮਾਉਂਦੇ ਹਨ: 'ਵੈਸਾਖਿ ਧੀਰਨਿ ਕਿਉ ਵਾਢੀਆ ਜਿਨਾ ਪ੍ਰੇਮ ਬਿਛੋਹੁ॥ ਹਰਿ ਸਾਜਨੁ ਪੁਰਖੁ ਵਿਸਾਰਿ ਕੈ ਲਗੀ ਮਾਇਆ ਧੋਹੁ॥' ਭਾਵ ਪ੍ਰਭੂ ਦੇ ਪ੍ਰੇਮ ਤੋਂ ਬਿਨਾਂ ਜੀਵ-ਇਸਤਰੀ ਨੂੰ ਧੀਰਜ ਨਹੀਂ ਆ ਸਕਦਾ।	Sangrand marks the first day of Vaisakh (mid-April to mid-May), the second month of the Nanakshahi year, heralding the golden harvest across the plains of Punjab. Bountiful wheat fields ripple like an ocean of gold under warm morning skies as farmers reap their blessings. In Barah Maha, Guru Nanak Dev Ji portrays Vaisakh as a sublime time when branches put on their fresh garments ('ਵੈਸਾਖੁ ਭਲਾ ਸਾਖਾ ਵੇਸ ਕਰੇ'), while the soul-bride waits at the Divine door longing for grace. Guru Arjan Dev Ji reflects on the sorrow of separation from the Beloved Lord amidst worldly illusions ('ਵੈਸਾਖਿ ਧੀਰਨਿ ਕਿਉ ਵਾਢੀਆ ਜਿਨਾ ਪ੍ਰੇਮ ਬਿਛੋਹੁ'), reminding seekers that true fruition lies in communion with the Eternal Friend.	संगरांद माह वैसाख (मध्य-अप्रैल से मध्य-मई) नानकशाही कैलेंडर का दूसरा महीना है, जो सुनहरी फसलों की कटाई और समृद्धि का प्रतीक है। राग तुखारी में श्री गुरु नानक देव जी फरमाते हैं: 'वैसाखु भला साखा वेस करे', और राग माझ में पंचम पातशाह श्री गुरु अर्जन देव जी फरमाते हैं: 'वैसाखि धीरनि किउ वाढीआ जिना प्रेम बिछोहु॥' अर्थात ईश्वर के प्रेम और मिलाप के बिना जीव-आत्मा को सच्चा सुकून नहीं मिल सकता।
116	SANGRAND_JETH		6	7	0		ਸੰਗਰਾਂਦ ਮਾਹ ਜੇਠ	Sangrand Month Jeth	संगरांद माह जेठ	ਸੰਗਰਾਂਦ ਮਾਹ ਜੇਠ (ਅੱਧ-ਮਈ ਤੋਂ ਅੱਧ-ਜੂਨ) ਨਾਨਕਸ਼ਾਹੀ ਕੈਲੰਡਰ ਦਾ ਤੀਜਾ ਮਹੀਨਾ ਹੈ, ਜੋ ਗਰਮੀਆਂ ਦੀ ਤਪਸ਼ (ਗ੍ਰੀਖਮ ਰੁੱਤ) ਦਾ ਆਗ਼ਾਜ਼ ਹੈ। ਸੂਰਜ ਅਸਮਾਨ ਵਿੱਚ ਤਪਦਾ ਹੈ ਅਤੇ ਧਰਤੀ ਭੱਠੀ ਵਾਂਗ ਭਖਦੀ ਹੈ। ਰਾਗੁ ਤੁਖਾਰੀ ਵਿੱਚ ਸ੍ਰੀ ਗੁਰੂ ਨਾਨਕ ਦੇਵ ਜੀ ਫ਼ੁਰਮਾਉਂਦੇ ਹਨ ਕਿ ਪ੍ਰਭੂ ਦੇ ਨਾਮ-ਜਲ ਤੋਂ ਬਿਨਾਂ ਮਨ ਦੀ ਤਪਸ਼ ਨਹੀਂ ਮਿਟਦੀ। ਰਾਗੁ ਮਾਝ ਬਾਰਹ ਮਾਹਾ ਵਿੱਚ ਸ੍ਰੀ ਗੁਰੂ ਅਰਜਨ ਦੇਵ ਜੀ ਫ਼ੁਰਮਾਉਂਦੇ ਹਨ: 'ਹਰਿ ਜੇਠਿ ਜੁੜੰਦਾ ਲੋੜੀਐ ਜਿਸੁ ਅਗੈ ਸਭਿ ਨਿਵੰਨਿ॥ ਹਰਿ ਸਜਣ ਦਾਵਣਿ ਲਗਿਆ ਕਿਸੈ ਨ ਦੇਈ ਬੰਨਿ॥' ਅਰਥਾਤ ਪ੍ਰਮਾਤਮਾ ਦੇ ਚਰਨਾਂ ਨਾਲ ਜੁੜਿਆਂ ਹੀ ਸੰਸਾਰਿਕ ਤ੍ਰਿਸ਼ਨਾਵਾਂ ਦੀ ਤਪਸ਼ ਤੋਂ ਮੁਕਤੀ ਮਿਲਦੀ ਹੈ।	Sangrand marks the first day of Jeth (mid-May to mid-June), the third month of the Nanakshahi calendar and the onset of intense summer heat (Grishma Ritu). The sun burns brightly high in the heavens, shimmering heatwaves rise from the sunbaked earth, and travelers seek the cooling refuge of ancient trees. In Barah Maha, Guru Nanak Dev Ji describes how the earth blazes like an oven, observing that without the coolness of the Lord's presence, true relief cannot be found. Guru Arjan Dev Ji teaches that in the scorching heat of Jeth, holding fast to the sanctuary of the Lord protects the seeker from all worldly burning and affliction ('ਹਰਿ ਜੇਠਿ ਜੁੜੰਦਾ ਲੋੜੀਐ ਜਿਸੁ ਅਗੈ ਸਭਿ ਨਿਵੰਨਿ').	संगरांद माह जेठ (मध्य-मई से मध्य-जून) नानकशाही कैलेंडर का तीसरा महीना है, जो ग्रीष्म ऋतु की प्रचंड धूप और तपन का प्रतीक है। राग तुखारी में श्री गुरु नानक देव जी प्रभु नाम के बिना मन की तपन शांत न होने का संदेश देते हैं। राग माझ में पंचम पातशाह श्री गुरु अर्जन देव जी उपदेश देते हैं: 'हरि जेठि जुड़ंदा लोड़ीऐ जिसु अगै सभि निवन्नि॥' अर्थात केवल प्रभु-सिमरन के शीतल जल से ही संसार की तृष्णा रूपी धूप से रक्षा होती है।
117	SANGRAND_HARH		6	7	0		ਸੰਗਰਾਂਦ ਮਾਹ ਹਾੜ	Sangrand Month Harh	संगरांद माह हाड़	ਸੰਗਰਾਂਦ ਮਾਹ ਹਾੜ (ਅੱਧ-ਜੂਨ ਤੋਂ ਅੱਧ-ਜੁਲਾਈ) ਨਾਨਕਸ਼ਾਹੀ ਸਾਲ ਦਾ ਚੌਥਾ ਮਹੀਨਾ ਹੈ, ਜਿਸ ਵਿੱਚ ਸੂਰਜ ਸਿਖ਼ਰ 'ਤੇ ਹੁੰਦਾ ਹੈ ਅਤੇ ਧਰਤੀ ਬਾਰਿਸ਼ ਲਈ ਤਰਸਦੀ ਹੈ। ਰਾਗੁ ਤੁਖਾਰੀ ਵਿੱਚ ਸ੍ਰੀ ਗੁਰੂ ਨਾਨਕ ਦੇਵ ਜੀ ਫ਼ੁਰਮਾਉਂਦੇ ਹਨ: 'ਆਸਾੜੁ ਭਲਾ ਸੂਰਜੁ ਗਗਨਿ ਤਪੈ॥ ਧਰਤੀ ਦੂਖ ਸਹੈ ਸੋਖੈ ਅਗਨਿ ਭਖੈ॥' ਰਾਗੁ ਮਾਝ ਵਿੱਚ ਸ੍ਰੀ ਗੁਰੂ ਅਰਜਨ ਦੇਵ ਜੀ ਉਪਦੇਸ਼ ਦਿੰਦੇ ਹਨ: 'ਆਸਾੜੁ ਤਪੰਦਾ ਤਿਸੁ ਲਗੈ ਹਰਿ ਨਾਹੁ ਨ ਜਿੰਨਾ ਪਾਸਿ॥ ਜਗਜੀਵਨ ਪੁਰਖੁ ਤਿਆਗਿ ਕੈ ਮਾਣਸ ਸੰਦੀ ਆਸ॥' ਭਾਵ ਜਿਨ੍ਹਾਂ ਦੇ ਹਿਰਦੇ ਵਿੱਚ ਪ੍ਰਭੂ ਨਹੀਂ ਵਸਦਾ, ਉਹ ਵਿਕਾਰਾਂ ਦੀ ਅੱਗ ਵਿੱਚ ਸੜਦੇ ਹਨ।	Sangrand marks the first day of Harh or Asarh (mid-June to mid-July), the fourth month of the Nanakshahi year, bringing midsummer heat and the yearning for monsoons. In Barah Maha, Guru Nanak Dev Ji vividly captures the blazing sun in the sky and the earth enduring fiery heat ('ਆਸਾੜੁ ਭਲਾ ਸੂਰਜੁ ਗਗਨਿ ਤਪੈ॥ ਧਰਤੀ ਦੂਖ ਸਹੈ ਸੋਖੈ ਅਗਨਿ ਭਖੈ'). Guru Arjan Dev Ji teaches that the scorching fires of desire consume only those who forget the Life of the World to place their hopes in mortals ('ਆਸਾੜੁ ਤਪੰਦਾ ਤਿਸੁ ਲਗੈ ਹਰਿ ਨਾਹੁ ਨ ਜਿੰਨਾ ਪਾਸਿ'), whereas the devotee rests in tranquil peace.	संगरांद माह हाड़ (मध्य-जून से मध्य-जुलाई) नानकशाही कैलेंडर का चौथा महीना है, जो भीषण गर्मी और वर्षा की प्रतीक्षा का समय है। राग तुखारी में गुरु नानक देव जी फरमाते हैं: 'आसाड़ु भला सूरजु गगनि तपै', और राग माझ में पंचम पातशाह फरमाते हैं: 'आसाड़ु तपंदा तिसु लगै हरि नाहु न जिंना पासि॥' अर्थात जो प्रभु को भूलकर नश्वर मनुष्यों पर आशा रखते हैं, वे ही तृष्णा की आग में तपते हैं।
118	SANGRAND_SAWAN		6	7	0		ਸੰਗਰਾਂਦ ਮਾਹ ਸਾਵਣ	Sangrand Month Sawan	संगरांद माह सावन	ਸੰਗਰਾਂਦ ਮਾਹ ਸਾਵਣ (ਅੱਧ-ਜੁਲਾਈ ਤੋਂ ਅੱਧ-ਅਗਸਤ) ਨਾਨਕਸ਼ਾਹੀ ਕੈਲੰਡਰ ਦਾ ਪੰਜਵਾਂ ਮਹੀਨਾ ਹੈ, ਜੋ ਬਰਸਾਤ (ਬਰਖਾ ਰੁੱਤ) ਦੀ ਠੰਢਕ ਅਤੇ ਹਰਿਆਵਲ ਲੈ ਕੇ ਆਉਂਦਾ ਹੈ। ਰਾਗੁ ਤੁਖਾਰੀ ਵਿੱਚ ਸ੍ਰੀ ਗੁਰੂ ਨਾਨਕ ਦੇਵ ਜੀ ਫ਼ੁਰਮਾਉਂਦੇ ਹਨ: 'ਸਾਵਣਿ ਸਰਸ ਮਨਾ ਘਨ ਵਰਸਹਿ ਰੁਤਿ ਆਏ॥ ਬਿਜੁਲਿ ਚਮਕੈ ਤ੍ਰਸੈ ਜੀਉ ਖੋਜੈ ਦਾਮਿਨਿ ਜਾਏ॥' ਰਾਗੁ ਮਾਝ ਵਿੱਚ ਸ੍ਰੀ ਗੁਰੂ ਅਰਜਨ ਦੇਵ ਜੀ ਫ਼ੁਰਮਾਉਂਦੇ ਹਨ: 'ਸਾਵਣਿ ਸਰਸੀ ਕਾਮਣੀ ਚਰਨ ਕਮਲ ਸਿਉ ਪਿਆਰੁ॥ ਮਨੁ ਤਨੁ ਰਤਾ ਸਚ ਰੰਗਿ ਇਕੋ ਨਾਮੁ ਅਧਾਰੁ॥' ਅਰਥਾਤ ਪ੍ਰਭੂ ਦੇ ਚਰਨਾਂ ਨਾਲ ਪ੍ਰੀਤ ਪਾਇਆਂ ਹੀ ਜੀਵ-ਇਸਤਰੀ ਰੂਹਾਨੀ ਖੇੜਾ ਮਾਣਦੀ ਹੈ।	Sangrand marks the first day of Sawan (mid-July to mid-August), the fifth month of the Nanakshahi calendar, celebrating the arrival of the monsoon (Varsha Ritu). Heavy rains pour from dark clouds, drenching the fertile soil and turning the countryside into a vibrant emerald green. In Barah Maha, Guru Nanak Dev Ji sings of the rains bursting into seasonal showers and lightning flashing across the heavens ('ਸਾਵਣਿ ਸਰਸ ਮਨਾ ਘਨ ਵਰਸਹਿ ਰੁਤਿ ਆਏ'). Guru Arjan Dev Ji reveals that the soul-bride truly blossoms when imbued with love for the Lord's Lotus Feet ('ਸਾਵਣਿ ਸਰਸੀ ਕਾਮਣੀ ਚਰਨ ਕਮਲ ਸਿਉ ਪਿਆਰੁ').	संगरांद माह सावन (मध्य-जुलाई से मध्य-अगस्त) नानकशाही कैलेंडर का पांचवां महीना है, जो वर्षा ऋतु की शीतलता और प्रकृति के सौंदर्य का प्रतीक है। राग तुखारी में गुरु नानक देव जी वर्षा और बादलों का मनोहारी वर्णन करते हैं, और राग माझ में पंचम पातशाह फरमाते हैं: 'सावणि सरसी कामणी चरन कमल सिउ पिआरु॥' अर्थात प्रभु के चरण-कमलों से प्रेम करने वाली आत्मा ही सच्चे आनंद में खिल उठती है।
119	SANGRAND_BHADON		6	7	0		ਸੰਗਰਾਂਦ ਮਾਹ ਭਾਦੋਂ	Sangrand Month Bhadon	संगरांद माह भादों	ਸੰਗਰਾਂਦ ਮਾਹ ਭਾਦੋਂ (ਅੱਧ-ਅਗਸਤ ਤੋਂ ਅੱਧ-ਸਤੰਬਰ) ਨਾਨਕਸ਼ਾਹੀ ਸਾਲ ਦਾ ਛੇਵਾਂ ਮਹੀਨਾ ਹੈ, ਜੋ ਜ਼ੋਰਦਾਰ ਬਰਸਾਤ ਅਤੇ ਜਲ-ਥਲ ਹੋਣ ਦਾ ਸਮਾਂ ਹੈ। ਰਾਗੁ ਤੁਖਾਰੀ ਵਿੱਚ ਸ੍ਰੀ ਗੁਰੂ ਨਾਨਕ ਦੇਵ ਜੀ ਫ਼ੁਰਮਾਉਂਦੇ ਹਨ: 'ਭਾਦਉ ਭਰਮਿ ਭੁਲੀ ਭਰਿ ਜੋਬਨਿ ਪਛੁਤਾਣੀ॥ ਜਲ ਥਲ ਨੀਰਿ ਭਰੇ ਬਰਸ ਰੁਤੇ ਰੰਗੁ ਮਾਣੀ॥ ਬਰਸੈ ਨਿਸਿ ਕਾਲੀ ਕਿਉ ਸੁਖੁ ਬਾਲੀ ਦਾਦਰ ਮੋਰ ਲਵੰਤੇ॥' ਰਾਗੁ ਮਾਝ ਵਿੱਚ ਸ੍ਰੀ ਗੁਰੂ ਅਰਜਨ ਦੇਵ ਜੀ ਉਪਦੇਸ਼ ਦਿੰਦੇ ਹਨ: 'ਭਾਦੁਇ ਭਰਮਿ ਭੁਲਾਣੀਆ ਦੂਜੈ ਲਗਾ ਹੇਤੁ॥' ਭਾਵ ਮਾਇਆ ਦੇ ਮੋਹ-ਭਰਮ ਨੂੰ ਤਿਆਗ ਕੇ ਹੀ ਪ੍ਰਭੂ ਦੀ ਮਿਹਰ ਹਾਸਲ ਹੁੰਦੀ ਹੈ।	Sangrand marks the first day of Bhadon (mid-August to mid-September), the sixth month of the Nanakshahi year, marking the peak of the monsoon deluge with overflowing rivers and singing rain-birds. In Barah Maha, Guru Nanak Dev Ji paints an unforgettable nocturnal scene of deep rainy darkness where frogs croak and peacocks call ('ਬਰਸੈ ਨਿਸਿ ਕਾਲੀ ਕਿਉ ਸੁਖੁ ਬਾਲੀ ਦਾਦਰ ਮੋਰ ਲਵੰਤੇ'). Guru Arjan Dev Ji teaches that in the flood of worldly illusions, only love for the Divine Lord brings eternal immersion in peace ('ਭਾਦੁਇ ਭਰਮਿ ਭੁਲਾਣੀਆ ਦੂਜੈ ਲਗਾ ਹੇਤੁ').	संगरांद माह भादों (मध्य-अगस्त से मध्य-सितंबर) नानकशाही कैलेंडर का छठा महीना है, जो घनघोर वर्षा और जल-प्लावन का समय है। राग तुखारी में गुरु नानक देव जी वर्षा की रात में मोर और पपीहे की पुकार का चित्रण करते हैं, और राग माझ में पंचम पातशाह फरमाते हैं: 'भादुइ भरमि भुलाणीआ दूजै लगा हेतु॥' अर्थात सांसारिक भ्रम और माया को छोड़कर प्रभु-चरणों में लीन होना ही वास्तविक शांति है।
120	SANGRAND_ASSU		6	7	0		ਸੰਗਰਾਂਦ ਮਾਹ ਅੱਸੂ	Sangrand Month Assu	संगरांद माह अस्सू	ਸੰਗਰਾਂਦ ਮਾਹ ਅੱਸੂ (ਅੱਧ-ਸਤੰਬਰ ਤੋਂ ਅੱਧ-ਅਕਤੂਬਰ) ਨਾਨਕਸ਼ਾਹੀ ਕੈਲੰਡਰ ਦਾ ਸੱਤਵਾਂ ਮਹੀਨਾ ਹੈ, ਜੋ ਸ਼ਰਦ ਰੁੱਤ ਦੀ ਨਿਰਮਲਤਾ ਅਤੇ ਸਾਫ਼ ਅਸਮਾਨ ਦਾ ਪ੍ਰਤੀਕ ਹੈ। ਚਿੱਟੇ ਕਾਹੀ ਦੇ ਫੁੱਲ ਖਿੜਦੇ ਹਨ। ਰਾਗੁ ਤੁਖਾਰੀ ਵਿੱਚ ਸ੍ਰੀ ਗੁਰੂ ਨਾਨਕ ਦੇਵ ਜੀ ਫ਼ੁਰਮਾਉਂਦੇ ਹਨ: 'ਅਸੂਨਿ ਆਉ ਪਿਰਾ ਸਾਧਨ ਝੂਰਿ ਮੁਈ॥' ਰਾਗੁ ਮਾਝ ਵਿੱਚ ਸ੍ਰੀ ਗੁਰੂ ਅਰਜਨ ਦੇਵ ਜੀ ਫ਼ੁਰਮਾਉਂਦੇ ਹਨ: 'ਅੰਸੂ ਪ੍ਰੇਮ ਉਮਾਹੜਾ ਕਿਉ ਮਿਲੀਐ ਹਰਿ ਜਾਇ॥ ਮਨਿ ਤਨਿ ਪਿਆਸ ਦਰਸਨ ਘਣੀ ਕੋਈ ਆਣਿ ਮਿਲਾਵੈ ਮਾਇ॥' ਭਾਵ ਇਸ ਸ਼ਾਂਤ ਰੁੱਤ ਵਿੱਚ ਮਨ ਅੰਦਰ ਪ੍ਰਭੂ ਦੇ ਦੀਦਾਰ ਦੀ ਅਥਾਹ ਤਾਂਘ ਤੇ ਪਿਆਸ ਪੈਦਾ ਹੁੰਦੀ ਹੈ।	Sangrand marks the first day of Assu (mid-September to mid-October), the seventh month of the Nanakshahi calendar, inaugurating the serene transition into autumn (Sharad Ritu) with clear azure skies and blooming white Kash grass. In Barah Maha, Guru Nanak Dev Ji notes how white reeds bloom and the soul turns with deep yearning towards the Divine. Guru Arjan Dev Ji expresses the overwhelming surge of spiritual longing that rises in Assu ('ਅਸੂ ਪ੍ਰੇਮ ਉਮਾਹੜਾ ਕਿਉ ਮਿਲੀਐ ਹਰਿ ਜਾਇ'), where the heart thirsts for the vision of the Beloved in the calm and clarity of autumn.	संगरांद माह अस्सू (मध्य-सितंबर से मध्य-अक्टूबर) नानकशाही कैलेंडर का सातवां महीना है, जो शरद ऋतु के आगमन, स्वच्छ आकाश और मन की शांति का प्रतीक है। राग तुखारी में गुरु नानक देव जी और राग माझ में पंचम पातशाह फरमाते हैं: 'अंसू प्रेम उमाहड़ा किउ मिलीऐ हरि जाइ॥' अर्थात शरद ऋतु में प्रभु मिलन की सच्ची प्यास जागृत होती है।
121	SANGRAND_KATTAK		6	7	0		ਸੰਗਰਾਂਦ ਮਾਹ ਕੱਤਕ	Sangrand Month Katak	संगरांद माह कातिक	ਸੰਗਰਾਂਦ ਮਾਹ ਕੱਤਕ (ਅੱਧ-ਅਕਤੂਬਰ ਤੋਂ ਅੱਧ-ਨਵੰਬਰ) ਨਾਨਕਸ਼ਾਹੀ ਕੈਲੰਡਰ ਦਾ ਅੱਠਵਾਂ ਮਹੀਨਾ ਹੈ, ਜੋ ਚਾਨਣੀਆਂ ਰਾਤਾਂ ਅਤੇ ਬੰਦੀ ਛੋੜ ਦਿਵਸ ਦੇ ਦੀਵਿਆਂ ਦੀ ਰੌਸ਼ਨੀ ਦਾ ਮਹੀਨਾ ਹੈ। ਰਾਗੁ ਤੁਖਾਰੀ ਵਿੱਚ ਸ੍ਰੀ ਗੁਰੂ ਨਾਨਕ ਦੇਵ ਜੀ ਫ਼ੁਰਮਾਉਂਦੇ ਹਨ ਕਿ ਸਹਿਜ ਦਾ ਦੀਵਾ ਗਿਆਨ ਦੇ ਤੇਲ ਨਾਲ ਬਲਦਾ ਹੈ। ਰਾਗੁ ਮਾਝ ਵਿੱਚ ਸ੍ਰੀ ਗੁਰੂ ਅਰਜਨ ਦੇਵ ਜੀ ਉਪਦੇਸ਼ ਦਿੰਦੇ ਹਨ: 'ਕਤਿਕਿ ਕਰਮ ਕਮਾਵਣੇ ਦੋਸੁ ਨ ਕਾਹੂ ਦੇਇ॥ ਪਰਮੇਸਰ ਤੇ ਭੁਲਿਆਂ ਵਿਆਪਨਿ ਸਭੇ ਰੋਗ॥' ਭਾਵ ਮਨੁੱਖ ਆਪਣੇ ਕੀਤੇ ਕਰਮਾਂ ਦਾ ਫਲ ਭੋਗਦਾ ਹੈ, ਇਸ ਲਈ ਕਿਸੇ ਹੋਰ ਨੂੰ ਦੋਸ਼ ਦੇਣ ਦੀ ਥਾਂ ਪ੍ਰਭੂ ਦਾ ਸਿਮਰਨ ਕਰਨਾ ਚਾਹੀਦਾ ਹੈ।	Sangrand marks the first day of Katak (mid-October to mid-November), the eighth month of the Nanakshahi calendar, characterized by crisp autumn air and radiant moonlit nights. In Barah Maha, Guru Nanak Dev Ji portrays how the lamp of intuitive truth burns steadily within the enlightened heart ('ਦੀਪਕੁ ਸਹਜਿ ਬਲੈ ਤਤੁ ਜਲਾਇਆ॥ ਦੀਪਕ ਰਸ ਤੇਲੋ ਧਨ ਪਿਰ ਮੇਲੋ'). Guru Arjan Dev Ji counsels that one reaps the fruit of one's own deeds without blaming others ('ਕਤਿਕਿ ਕਰਮ ਕਮਾਵਣੇ ਦੋਸੁ ਨ ਕਾਹੂ ਦੇਇ'), and that remembering Parmesar dispels all inner darkness and spiritual illness.	संगरांद माह कातिक (मध्य-अक्टूबर से मध्य-नवंबर) नानकशाही कैलेंडर का आठवां महीना है, जो निर्मल चांदनी रातों और दीपों के प्रकाश का समय है। राग तुखारी में गुरु नानक देव जी और राग माझ में पंचम पातशाह उपदेश देते हैं: 'कतिकि करम कमावणे दोसु न काहू देइ॥' अर्थात अपने कर्मों के अनुसार ही फल मिलता है; ईश्वर का सिमरन करने से समस्त रोगों और दुखों का नाश होता है।
122	SANGRAND_MAGHAR		6	7	0		ਸੰਗਰਾਂਦ ਮਾਹ ਮੱਘਰ	Sangrand Month Maghar	संगरांद माह मग्घर	ਸੰਗਰਾਂਦ ਮਾਹ ਮੱਘਰ (ਅੱਧ-ਨਵੰਬਰ ਤੋਂ ਅੱਧ-ਦਸੰਬਰ) ਨਾਨਕਸ਼ਾਹੀ ਕੈਲੰਡਰ ਦਾ ਨੌਵਾਂ ਮਹੀਨਾ ਹੈ, ਜੋ ਗੁਲਾਬੀ ਠੰਢ (ਹੇਮੰਤ ਰੁੱਤ) ਅਤੇ ਖੇਤਾਂ ਵਿੱਚ ਕਣਕ ਦੇ ਹਰੇ ਪੁੰਗਰਦੇ ਬੂਟਿਆਂ ਦਾ ਸਮਾਂ ਹੈ। ਰਾਗੁ ਤੁਖਾਰੀ ਵਿੱਚ ਸ੍ਰੀ ਗੁਰੂ ਨਾਨਕ ਦੇਵ ਜੀ ਫ਼ੁਰਮਾਉਂਦੇ ਹਨ: 'ਮੰਘਰੁ ਮਾਹੁ ਭਲਾ ਹਰਿ ਗੁਣ ਅੰਕਿ ਸਮਾਵਏ॥' ਰਾਗੁ ਮਾਝ ਵਿੱਚ ਸ੍ਰੀ ਗੁਰੂ ਅਰਜਨ ਦੇਵ ਜੀ ਫ਼ੁਰਮਾਉਂਦੇ ਹਨ: 'ਮੰਘਰਿ ਮਾਹਿ ਸੁਹੰਦੀਆ ਹਰਿ ਪਿਰ ਸੰਗਿ ਬੈਠੜੀਆਹ॥ ਤਿਨ ਕੀ ਸੋਭਾ ਕਿਆ ਗਣੀ ਜਿ ਸਾਹਿਬਿ ਮੇਲੜੀਆਹ॥' ਭਾਵ ਉਹ ਰੂਹਾਂ ਧੰਨ ਹਨ ਜੋ ਪ੍ਰਭੂ-ਚਰਨਾਂ ਵਿੱਚ ਬੈਠ ਕੇ ਨਾਮ ਰਸ ਮਾਣਦੀਆਂ ਹਨ।	Sangrand marks the first day of Maghar (mid-November to mid-December), the ninth month of the Nanakshahi calendar, ushering in the early winter season (Hemant Ritu) with morning mists and fresh green wheat shoots. In Barah Maha, Guru Nanak Dev Ji describes Maghar as a sublime month to sing praises of the Divine ('ਮੰਘਰੁ ਮਾਹੁ ਭਲਾ ਹਰਿ ਗੁਣ ਅੰਕਿ ਸਮਾਵਏ'). Guru Arjan Dev Ji declares that wondrously beautiful are those souls who sit in divine communion with the Beloved Lord ('ਮੰਘਰਿ ਮਾਹਿ ਸੁਹੰਦੀਆ ਹਰਿ ਪਿਰ ਸੰਗਿ ਬੈਠੜੀਆਹ'), remaining warm in spirit even as winter begins.	संगरांद माह मग्घर (मध्य-नवंबर से मध्य-दिसंबर) नानकशाही कैलेंडर का नौवां महीना है, जो हल्की शीत ऋतु (हेमंत ऋतु) का समय है। राग तुखारी में गुरु नानक देव जी और राग माझ में पंचम पातशाह फरमाते हैं: 'मंघरि माहि सुहंदीआ हरि पिर संगि बैठड़ीआह॥' अर्थात वे आत्माएं धन्य हैं जो प्रभु के सानिध्य में बैठकर नाम रस का आनंद लेती हैं।
123	SANGRAND_POH		6	7	0		ਸੰਗਰਾਂਦ ਮਾਹ ਪੋਹ	Sangrand Month Poh	संगरांद माह पोह	ਸੰਗਰਾਂਦ ਮਾਹ ਪੋਹ (ਅੱਧ-ਦਸੰਬਰ ਤੋਂ ਅੱਧ-ਜਨਵਰੀ) ਨਾਨਕਸ਼ਾਹੀ ਸਾਲ ਦਾ ਦਸਵਾਂ ਮਹੀਨਾ ਹੈ, ਜੋ ਕੜਾਕੇ ਦੀ ਸਰਦੀ (ਸਿਸਰ ਰੁੱਤ) ਦਾ ਸਮਾਂ ਹੈ। ਸਿੱਖ ਇਤਿਹਾਸ ਵਿੱਚ ਪੋਹ ਦਾ ਮਹੀਨਾ ਚਮਕੌਰ ਸਾਹਿਬ ਅਤੇ ਸਰਹਿੰਦ ਵਿਖੇ ਚਾਰੇ ਸਾਹਿਬਜ਼ਾਦਿਆਂ, ਮਾਤਾ ਗੁਜਰੀ ਜੀ ਅਤੇ ਸਮੂਹ ਸ਼ਹੀਦਾਂ ਦੀਆਂ ਲਾਸਾਨੀ ਕੁਰਬਾਨੀਆਂ ਦੀ ਯਾਦ ਵਿੱਚ ਬਹੁਤ ਸ਼ਰਧਾ ਤੇ ਵੈਰਾਗ ਨਾਲ ਮਨਾਇਆ ਜਾਂਦਾ ਹੈ। ਰਾਗੁ ਤੁਖਾਰੀ ਵਿੱਚ ਸ੍ਰੀ ਗੁਰੂ ਨਾਨਕ ਦੇਵ ਜੀ ਫ਼ੁਰਮਾਉਂਦੇ ਹਨ ਕਿ ਪੋਹ ਵਿੱਚ ਕੱਕਰ ਪੈਂਦਾ ਹੈ। ਰਾਗੁ ਮਾਝ ਵਿੱਚ ਸ੍ਰੀ ਗੁਰੂ ਅਰਜਨ ਦੇਵ ਜੀ ਫ਼ੁਰਮਾਉਂਦੇ ਹਨ: 'ਪੋਖਿ ਤੁਖਾਰੁ ਨ ਵਿਆਪਈ ਕੰਠਿ ਮਿਲਿਆ ਹਰਿ ਨਾਹੁ॥ ਮਨੁ ਬੇਧਿਆ ਚਰਨਾਰਬਿੰਦ ਦਰਸਨਿ ਲਗੜਾ ਸਾਹੁ॥' ਭਾਵ ਜਿਨ੍ਹਾਂ ਦੇ ਹਿਰਦੇ ਵਿੱਚ ਪ੍ਰਭੂ ਵਸਦਾ ਹੈ, ਉਹਨਾਂ ਨੂੰ ਦੁੱਖਾਂ ਦਾ ਕੱਕਰ ਪੋਹ ਨਹੀਂ ਸਕਦਾ।	Sangrand marks the first day of Poh (mid-December to mid-January), the tenth month of the Nanakshahi calendar and the onset of freezing winter (Shishir Ritu). Dense fog and frost blanket the plains. In Sikh history, Poh is observed with profound solemnity and reverence in memory of the supreme sacrifices of the Sahibzadas and Mata Gujri Ji at Chamkaur and Sirhind. In Barah Maha, Guru Nanak Dev Ji notes the freezing frost drying the sap of forests ('ਪੋਖਿ ਤੁਖਾਰੁ ਪੜੈ'). Guru Arjan Dev Ji reassures that the biting cold cannot touch those embraced in the Lord's loving arms ('ਪੋਖਿ ਤੁਖਾਰੁ ਨ ਵਿਆਪਈ ਕੰਠਿ ਮਿਲਿਆ ਹਰਿ ਨਾਹੁ').	संगरांद माह पोह (मध्य-दिसंबर से मध्य-जनवरी) नानकशाही कैलेंडर का दसवां महीना है, जो कड़ाके की ठंड का समय है। सिख इतिहास में यह महीना चारों साहिबजादों, माता गुजरी जी और चमकौर व सरहिंद के शहीदों के बलिदान की स्मृति में अत्यंत श्रद्धा और वैराग्य से मनाया जाता है। राग माझ में पंचम पातशाह फरमाते हैं: 'पोखि तुखारु न विआपई कंठि मिलिआ हरि नाहु॥' अर्थात जो प्रभु के प्रेम में लीन हैं, उन्हें कोई सांसारिक दुख या शीत व्यथित नहीं कर सकती।
124	SANGRAND_MAGH		6	7	0		ਸੰਗਰਾਂਦ ਮਾਹ ਮਾਘ	Sangrand Month Magh	संगरांद माह माघ	ਸੰਗਰਾਂਦ ਮਾਹ ਮਾਘ (ਅੱਧ-ਜਨਵਰੀ ਤੋਂ ਅੱਧ-ਫ਼ਰਵਰੀ) ਨਾਨਕਸ਼ਾਹੀ ਸਾਲ ਦਾ ਗਿਆਰ੍ਹਵਾਂ ਮਹੀਨਾ ਹੈ, ਜਿਸ ਵਿੱਚ ਖੇਤਾਂ ਵਿੱਚ ਪੀਲੀ ਸਰ੍ਹੋਂ ਖਿੜਦੀ ਹੈ ਅਤੇ ਮੁਕਤਸਰ ਸਾਹਿਬ ਵਿਖੇ ਚਾਲੀ ਮੁਕਤਿਆਂ ਦੀ ਯਾਦ ਵਿੱਚ ਮਾਘੀ ਦਾ ਮੇਲਾ ਲੱਗਦਾ ਹੈ। ਰਾਗੁ ਤੁਖਾਰੀ ਵਿੱਚ ਸ੍ਰੀ ਗੁਰੂ ਨਾਨਕ ਦੇਵ ਜੀ ਫ਼ੁਰਮਾਉਂਦੇ ਹਨ: 'ਮਾਘਿ ਪੁਨੀਤ ਭਈ ਤੀਰਥੁ ਅੰਤਰਿ ਜਾਨਿਆ॥' ਰਾਗੁ ਮਾਝ ਵਿੱਚ ਸ੍ਰੀ ਗੁਰੂ ਅਰਜਨ ਦੇਵ ਜੀ ਫ਼ੁਰਮਾਉਂਦੇ ਹਨ: 'ਮਾਘਿ ਮਜਨੁ ਸੰਗਿ ਸਾਧੂਆ ਧੂੜੀ ਕਰਿ ਇਸਨਾਨੁ॥ ਹਰਿ ਕਾ ਨਾਮੁ ਧਿਆਇ ਸੁਣਿ ਸਭਨਾ ਨੋ ਕਰਿ ਦਾਨੁ॥' ਅਰਥਾਤ ਬਾਹਰੀ ਤੀਰਥਾਂ 'ਤੇ ਨਹਾਉਣ ਦੀ ਥਾਂ ਸਾਧ-ਸੰਗਤ ਦੀ ਧੂੜੀ ਵਿੱਚ ਇਸ਼ਨਾਨ ਕਰਨਾ ਅਤੇ ਨਾਮ ਜਪਣਾ ਹੀ ਸੱਚਾ ਇਸ਼ਨਾਨ ਹੈ।	Sangrand marks the first day of Magh (mid-January to mid-February), the eleventh month of the Nanakshahi year, as winter begins to ease under golden sunshine and blooming yellow mustard fields (Sarson). Pilgrims commemorate the Forty Liberated Ones (Chaali Mukte) at Maghi. In Barah Maha, Guru Nanak Dev Ji teaches that true pilgrimage is found within the sanctuary of one's own heart ('ਮਾਘਿ ਪੁਨੀਤ ਭਈ ਤੀਰਥੁ ਅੰਤਰਿ ਜਾਨਿਆ'). Guru Arjan Dev Ji proclaims that the supreme ablution is the dust of the holy congregation and contemplation of the Divine Name ('ਮਾਘਿ ਮਜਨੁ ਸੰਗਿ ਸਾਧੂਆ ਧੂੜੀ ਕਰਿ ਇਸਨਾਨੁ').	संगरांद माह माघ (मध्य-जनवरी से मध्य-फरवरी) नानकशाही कैलेंडर का ग्यारहवां महीना है, जिसमें पीले सरसों के खेत खिल उठते हैं और माघी पर चालीस मुक्तों की स्मृति में संगत पवित्र सरोवरों में स्नान करती है। राग माझ में पंचम पातशाह फरमाते हैं: 'माघि मजनु संगि साधूआ धूड़ी करि इसनानु॥' अर्थात बाहरी तीर्थों के स्थान पर सत्संगत की धूलि में स्नान करना और प्रभु नाम जपना ही सर्वोत्तम तीर्थ है।
125	SANGRAND_PHAGAN		6	7	0		ਸੰਗਰਾਂਦ ਮਾਹ ਫੱਗਣ	Sangrand Month Phagan	संगरांद माह फाल्गुन	ਸੰਗਰਾਂਦ ਮਾਹ ਫੱਗਣ (ਅੱਧ-ਫ਼ਰਵਰੀ ਤੋਂ ਅੱਧ-ਮਾਰਚ) ਨਾਨਕਸ਼ਾਹੀ ਵਰ੍ਹੇ ਦਾ ਬਾਰ੍ਹਵਾਂ ਅਤੇ ਅੰਤਿਮ ਮਹੀਨਾ ਹੈ, ਜੋ ਬਸੰਤ ਦੀ ਬਹਾਰ ਅਤੇ ਹੋਲੇ ਮਹੱਲੇ ਦੇ ਜਾਹੋ-ਜਲਾਲ ਦਾ ਪ੍ਰਤੀਕ ਹੈ। ਰਾਗੁ ਤੁਖਾਰੀ ਵਿੱਚ ਸ੍ਰੀ ਗੁਰੂ ਨਾਨਕ ਦੇਵ ਜੀ ਫ਼ੁਰਮਾਉਂਦੇ ਹਨ: 'ਫਲਗੁਣਿ ਮਨਿ ਰਹਸੀ ਪ੍ਰੇਮੁ ਸੁਭਾਇਆ॥ ਅਨਦਿਨੁ ਰਹਸੁ ਭਇਆ ਆਪੁ ਗਵਾਇਆ॥' ਅਤੇ ਅੰਤ ਵਿੱਚ ਫ਼ੁਰਮਾਉਂਦੇ ਹਨ: 'ਬੇ ਦਸ ਮਾਹ ਰੁਤੀ ਥਿਤੀ ਵਾਰ ਭਲੇ॥ ਜੇ ਮਨੁ ਸਚੈ ਰੰਗਿ ਰਚੈ॥' ਰਾਗੁ ਮਾਝ ਵਿੱਚ ਸ੍ਰੀ ਗੁਰੂ ਅਰਜਨ ਦੇਵ ਜੀ ਫ਼ੁਰਮਾਉਂਦੇ ਹਨ: 'ਫਲਗੁਣਿ ਅਨੰਦ ਉਪਾਰਜਨਾ ਹਰਿ ਸਜਣ ਪ੍ਰਗਟੇ ਆਇ॥ ਸੰਤ ਸਹਾਈ ਰਾਮ ਕੇ ਕਰਿ ਕਿਰਪਾ ਦੀਆ ਮਿਲਾਇ॥' ਭਾਵ ਜਿਨ੍ਹਾਂ ਦੇ ਅੰਦਰ ਪ੍ਰਭੂ ਪ੍ਰਗਟ ਹੋ ਜਾਂਦਾ ਹੈ, ਉਹਨਾਂ ਦਾ ਜੀਵਨ ਸਦਾ ਲਈ ਆਨੰਦਮਈ ਹੋ ਜਾਂਦਾ ਹੈ।	Sangrand marks the first day of Phagan (mid-February to mid-March), the twelfth and culminating month of the Nanakshahi year, celebrating the awakening of spring and the martial festival of Hola Mahalla. Orchards burst into fragrant blossoms. In Barah Maha, Guru Nanak Dev Ji describes how the heart rejoices in pure divine love ('ਫਲਗੁਣਿ ਮਨਿ ਰਹਸੀ ਪ੍ਰੇਮੁ ਸੁਭਾਇਆ'), concluding that all twelve months, seasons, days, and hours are sublime for those who abide in unbroken union with the Divine Creator. Guru Arjan Dev Ji reveals that Phagan brings supreme bliss when the Beloved Lord reveals Himself within ('ਫਲਗੁਣਿ ਅਨੰਦ ਉਪਾਰਜਨਾ ਹਰਿ ਸਜਣ ਪ੍ਰਗਟੇ ਆਇ').	संगरांद माह फाल्गुन (मध्य-फरवरी से मध्य-मार्च) नानकशाही वर्ष का अंतिम महीना है, जो वसंत के उल्लास और होला महल्ला के उत्सव का समय है। राग तुखारी में गुरु नानक देव जी फरमाते हैं कि जब मन में प्रभु-प्रेम जागृत होता है तो अहंकार मिट जाता है और सभी महीने-ऋतुएं मंगलकारी बन जाती हैं। राग माझ में पंचम पातशाह फरमाते हैं: 'फलगुणि अनंद उपारजना हरि सजण प्रगटे आइ॥' अर्थात जब हृदय में परमात्मा का साक्षात्कार होता है तो जीवन में असीम आनंद का संचार होता है।